city,valid_date,model,lead_days,precip_fcst_mm,gust_fcst_kmh,precip_obs_mm,gust_obs_kmh
chillan,2026-07-04,best_match,1,3.6000000000000005,14.4,0.0,16.2
chillan,2026-07-04,best_match,2,0.1,11.5,0.0,16.2
chillan,2026-07-04,best_match,3,0.7000000000000001,11.2,0.0,16.2
chillan,2026-07-04,best_match,4,0.9,19.8,0.0,16.2
chillan,2026-07-04,best_match,5,6.5,17.6,0.0,16.2
chillan,2026-07-04,best_match,6,7.2,18.0,0.0,16.2
chillan,2026-07-04,best_match,7,2.1,17.6,0.0,16.2
chillan,2026-07-04,ecmwf_ifs025,1,0.8999999999999999,,0.0,16.2
chillan,2026-07-04,ecmwf_ifs025,2,0.30000000000000004,,0.0,16.2
chillan,2026-07-04,ecmwf_ifs025,3,1.5,,0.0,16.2
chillan,2026-07-04,ecmwf_ifs025,4,1.5,,0.0,16.2
chillan,2026-07-04,ecmwf_ifs025,5,7.5,,0.0,16.2
chillan,2026-07-04,ecmwf_ifs025,6,9.600000000000001,,0.0,16.2
chillan,2026-07-04,ecmwf_ifs025,7,3.3000000000000003,,0.0,16.2
chillan,2026-07-04,gfs_seamless,1,0.5,11.9,0.0,16.2
chillan,2026-07-04,gfs_seamless,2,0.30000000000000004,20.5,0.0,16.2
chillan,2026-07-04,gfs_seamless,3,0.2,23.8,0.0,16.2
chillan,2026-07-04,gfs_seamless,4,0.0,37.4,0.0,16.2
chillan,2026-07-04,gfs_seamless,5,0.7000000000000001,42.8,0.0,16.2
chillan,2026-07-04,gfs_seamless,6,0.0,15.5,0.0,16.2
chillan,2026-07-04,gfs_seamless,7,0.0,17.6,0.0,16.2
chillan,2026-07-04,icon_seamless,1,1.3,14.4,0.0,16.2
chillan,2026-07-04,icon_seamless,2,1.1,11.5,0.0,16.2
chillan,2026-07-04,icon_seamless,3,2.0,11.2,0.0,16.2
chillan,2026-07-04,icon_seamless,4,2.6,19.8,0.0,16.2
chillan,2026-07-04,icon_seamless,5,3.9,17.6,0.0,16.2
chillan,2026-07-04,icon_seamless,6,6.9,18.0,0.0,16.2
chillan,2026-07-05,best_match,1,0.0,19.4,0.0,20.2
chillan,2026-07-05,best_match,2,0.0,18.7,0.0,20.2
chillan,2026-07-05,best_match,3,0.0,22.7,0.0,20.2
chillan,2026-07-05,best_match,4,0.2,21.2,0.0,20.2
chillan,2026-07-05,best_match,5,0.0,37.1,0.0,20.2
chillan,2026-07-05,best_match,6,0.0,18.4,0.0,20.2
chillan,2026-07-05,best_match,7,0.0,33.8,0.0,20.2
chillan,2026-07-05,ecmwf_ifs025,1,0.0,,0.0,20.2
chillan,2026-07-05,ecmwf_ifs025,2,0.0,,0.0,20.2
chillan,2026-07-05,ecmwf_ifs025,3,0.0,,0.0,20.2
chillan,2026-07-05,ecmwf_ifs025,4,0.30000000000000004,,0.0,20.2
chillan,2026-07-05,ecmwf_ifs025,5,0.0,,0.0,20.2
chillan,2026-07-05,ecmwf_ifs025,6,0.0,,0.0,20.2
chillan,2026-07-05,ecmwf_ifs025,7,0.0,,0.0,20.2
chillan,2026-07-05,gfs_seamless,1,0.0,14.0,0.0,20.2
chillan,2026-07-05,gfs_seamless,2,0.0,18.4,0.0,20.2
chillan,2026-07-05,gfs_seamless,3,0.4,18.0,0.0,20.2
chillan,2026-07-05,gfs_seamless,4,0.0,27.7,0.0,20.2
chillan,2026-07-05,gfs_seamless,5,0.0,20.9,0.0,20.2
chillan,2026-07-05,gfs_seamless,6,0.0,30.2,0.0,20.2
chillan,2026-07-05,gfs_seamless,7,0.0,33.8,0.0,20.2
chillan,2026-07-05,icon_seamless,1,0.0,19.4,0.0,20.2
chillan,2026-07-05,icon_seamless,2,0.0,18.7,0.0,20.2
chillan,2026-07-05,icon_seamless,3,0.0,22.7,0.0,20.2
chillan,2026-07-05,icon_seamless,4,0.6,21.2,0.0,20.2
chillan,2026-07-05,icon_seamless,5,3.2,37.1,0.0,20.2
chillan,2026-07-05,icon_seamless,6,0.0,18.4,0.0,20.2
chillan,2026-07-06,best_match,1,0.0,15.5,0.0,16.9
chillan,2026-07-06,best_match,2,0.0,11.9,0.0,16.9
chillan,2026-07-06,best_match,3,0.0,13.3,0.0,16.9
chillan,2026-07-06,best_match,4,0.0,11.5,0.0,16.9
chillan,2026-07-06,best_match,5,0.0,15.1,0.0,16.9
chillan,2026-07-06,best_match,6,0.0,16.6,0.0,16.9
chillan,2026-07-06,best_match,7,0.0,10.1,0.0,16.9
chillan,2026-07-06,ecmwf_ifs025,1,0.0,,0.0,16.9
chillan,2026-07-06,ecmwf_ifs025,2,0.0,,0.0,16.9
chillan,2026-07-06,ecmwf_ifs025,3,0.0,,0.0,16.9
chillan,2026-07-06,ecmwf_ifs025,4,0.0,,0.0,16.9
chillan,2026-07-06,ecmwf_ifs025,5,0.0,,0.0,16.9
chillan,2026-07-06,ecmwf_ifs025,6,0.0,,0.0,16.9
chillan,2026-07-06,ecmwf_ifs025,7,0.0,,0.0,16.9
chillan,2026-07-06,gfs_seamless,1,0.0,10.4,0.0,16.9
chillan,2026-07-06,gfs_seamless,2,0.0,10.4,0.0,16.9
chillan,2026-07-06,gfs_seamless,3,0.0,7.9,0.0,16.9
chillan,2026-07-06,gfs_seamless,4,0.0,10.1,0.0,16.9
chillan,2026-07-06,gfs_seamless,5,0.0,14.0,0.0,16.9
chillan,2026-07-06,gfs_seamless,6,0.0,18.0,0.0,16.9
chillan,2026-07-06,gfs_seamless,7,0.0,10.1,0.0,16.9
chillan,2026-07-06,icon_seamless,1,0.0,15.5,0.0,16.9
chillan,2026-07-06,icon_seamless,2,0.0,11.9,0.0,16.9
chillan,2026-07-06,icon_seamless,3,0.0,13.3,0.0,16.9
chillan,2026-07-06,icon_seamless,4,0.0,11.5,0.0,16.9
chillan,2026-07-06,icon_seamless,5,0.0,15.1,0.0,16.9
chillan,2026-07-06,icon_seamless,6,0.0,16.6,0.0,16.9
chillan,2026-07-07,best_match,1,0.0,17.3,0.0,17.6
chillan,2026-07-07,best_match,2,0.0,15.8,0.0,17.6
chillan,2026-07-07,best_match,3,0.1,15.5,0.0,17.6
chillan,2026-07-07,best_match,4,15.4,15.1,0.0,17.6
chillan,2026-07-07,best_match,5,1.7999999999999998,16.9,0.0,17.6
chillan,2026-07-07,best_match,6,11.3,36.7,0.0,17.6
chillan,2026-07-07,best_match,7,7.3999999999999995,19.4,0.0,17.6
chillan,2026-07-07,ecmwf_ifs025,1,0.0,,0.0,17.6
chillan,2026-07-07,ecmwf_ifs025,2,0.0,,0.0,17.6
chillan,2026-07-07,ecmwf_ifs025,3,0.0,,0.0,17.6
chillan,2026-07-07,ecmwf_ifs025,4,8.7,,0.0,17.6
chillan,2026-07-07,ecmwf_ifs025,5,4.2,,0.0,17.6
chillan,2026-07-07,ecmwf_ifs025,6,10.2,,0.0,17.6
chillan,2026-07-07,ecmwf_ifs025,7,6.9,,0.0,17.6
chillan,2026-07-07,gfs_seamless,1,0.0,14.4,0.0,17.6
chillan,2026-07-07,gfs_seamless,2,0.0,10.1,0.0,17.6
chillan,2026-07-07,gfs_seamless,3,0.0,14.4,0.0,17.6
chillan,2026-07-07,gfs_seamless,4,0.0,32.4,0.0,17.6
chillan,2026-07-07,gfs_seamless,5,0.0,46.8,0.0,17.6
chillan,2026-07-07,gfs_seamless,6,0.0,11.5,0.0,17.6
chillan,2026-07-07,gfs_seamless,7,0.0,19.4,0.0,17.6
chillan,2026-07-07,icon_seamless,1,0.0,17.3,0.0,17.6
chillan,2026-07-07,icon_seamless,2,0.0,15.8,0.0,17.6
chillan,2026-07-07,icon_seamless,3,0.1,15.5,0.0,17.6
chillan,2026-07-07,icon_seamless,4,0.30000000000000004,15.1,0.0,17.6
chillan,2026-07-07,icon_seamless,5,4.6,16.9,0.0,17.6
chillan,2026-07-07,icon_seamless,6,2.3,36.7,0.0,17.6
chillan,2026-07-08,best_match,1,10.3,50.0,15.2,44.6
chillan,2026-07-08,best_match,2,8.700000000000001,44.6,15.2,44.6
chillan,2026-07-08,best_match,3,13.000000000000002,44.6,15.2,44.6
chillan,2026-07-08,best_match,4,32.900000000000006,34.2,15.2,44.6
chillan,2026-07-08,best_match,5,12.7,45.4,15.2,44.6
chillan,2026-07-08,best_match,6,44.4,52.9,15.2,44.6
chillan,2026-07-08,best_match,7,31.4,72.4,15.2,44.6
chillan,2026-07-08,ecmwf_ifs025,1,9.9,,15.2,44.6
chillan,2026-07-08,ecmwf_ifs025,2,8.4,,15.2,44.6
chillan,2026-07-08,ecmwf_ifs025,3,18.599999999999998,,15.2,44.6
chillan,2026-07-08,ecmwf_ifs025,4,33.599999999999994,,15.2,44.6
chillan,2026-07-08,ecmwf_ifs025,5,18.0,,15.2,44.6
chillan,2026-07-08,ecmwf_ifs025,6,37.2,,15.2,44.6
chillan,2026-07-08,ecmwf_ifs025,7,35.7,,15.2,44.6
chillan,2026-07-08,gfs_seamless,1,9.6,59.0,15.2,44.6
chillan,2026-07-08,gfs_seamless,2,0.9000000000000001,50.8,15.2,44.6
chillan,2026-07-08,gfs_seamless,3,5.4,53.6,15.2,44.6
chillan,2026-07-08,gfs_seamless,4,22.400000000000002,54.4,15.2,44.6
chillan,2026-07-08,gfs_seamless,5,25.0,58.3,15.2,44.6
chillan,2026-07-08,gfs_seamless,6,16.3,64.4,15.2,44.6
chillan,2026-07-08,gfs_seamless,7,8.6,72.4,15.2,44.6
chillan,2026-07-08,icon_seamless,1,13.4,50.0,15.2,44.6
chillan,2026-07-08,icon_seamless,2,16.4,44.6,15.2,44.6
chillan,2026-07-08,icon_seamless,3,11.200000000000001,44.6,15.2,44.6
chillan,2026-07-08,icon_seamless,4,18.700000000000003,34.2,15.2,44.6
chillan,2026-07-08,icon_seamless,5,21.3,45.4,15.2,44.6
chillan,2026-07-08,icon_seamless,6,58.599999999999994,52.9,15.2,44.6
chillan,2026-07-09,best_match,1,5.300000000000001,23.0,7.6,18.0
chillan,2026-07-09,best_match,2,9.9,19.8,7.6,18.0
chillan,2026-07-09,best_match,3,20.7,19.4,7.6,18.0
chillan,2026-07-09,best_match,4,34.3,25.2,7.6,18.0
chillan,2026-07-09,best_match,5,11.2,43.2,7.6,18.0
chillan,2026-07-09,best_match,6,15.4,34.9,7.6,18.0
chillan,2026-07-09,best_match,7,3.8000000000000003,67.0,7.6,18.0
chillan,2026-07-09,ecmwf_ifs025,1,6.3,,7.6,18.0
chillan,2026-07-09,ecmwf_ifs025,2,13.500000000000002,,7.6,18.0
chillan,2026-07-09,ecmwf_ifs025,3,14.399999999999999,,7.6,18.0
chillan,2026-07-09,ecmwf_ifs025,4,30.3,,7.6,18.0
chillan,2026-07-09,ecmwf_ifs025,5,24.0,,7.6,18.0
chillan,2026-07-09,ecmwf_ifs025,6,27.3,,7.6,18.0
chillan,2026-07-09,ecmwf_ifs025,7,5.4,,7.6,18.0
chillan,2026-07-09,gfs_seamless,1,7.2,23.4,7.6,18.0
chillan,2026-07-09,gfs_seamless,2,0.0,15.5,7.6,18.0
chillan,2026-07-09,gfs_seamless,3,0.0,18.7,7.6,18.0
chillan,2026-07-09,gfs_seamless,4,0.2,49.7,7.6,18.0
chillan,2026-07-09,gfs_seamless,5,0.2,47.5,7.6,18.0
chillan,2026-07-09,gfs_seamless,6,0.0,15.1,7.6,18.0
chillan,2026-07-09,gfs_seamless,7,19.4,67.0,7.6,18.0
chillan,2026-07-09,icon_seamless,1,7.4,23.0,7.6,18.0
chillan,2026-07-09,icon_seamless,2,7.9,19.8,7.6,18.0
chillan,2026-07-09,icon_seamless,3,22.599999999999998,19.4,7.6,18.0
chillan,2026-07-09,icon_seamless,4,8.2,25.2,7.6,18.0
chillan,2026-07-09,icon_seamless,5,15.3,43.2,7.6,18.0
chillan,2026-07-09,icon_seamless,6,4.1000000000000005,34.9,7.6,18.0
chillan,2026-07-10,best_match,1,36.0,35.3,25.1,41.8
chillan,2026-07-10,best_match,2,35.3,38.9,25.1,41.8
chillan,2026-07-10,best_match,3,14.8,42.1,25.1,41.8
chillan,2026-07-10,best_match,4,7.5,22.3,25.1,41.8
chillan,2026-07-10,best_match,5,2.5,13.0,25.1,41.8
chillan,2026-07-10,best_match,6,9.2,34.6,25.1,41.8
chillan,2026-07-10,best_match,7,0.8,66.6,25.1,41.8
chillan,2026-07-10,ecmwf_ifs025,1,28.5,,25.1,41.8
chillan,2026-07-10,ecmwf_ifs025,2,47.1,,25.1,41.8
chillan,2026-07-10,ecmwf_ifs025,3,22.2,,25.1,41.8
chillan,2026-07-10,ecmwf_ifs025,4,15.9,,25.1,41.8
chillan,2026-07-10,ecmwf_ifs025,5,11.4,,25.1,41.8
chillan,2026-07-10,ecmwf_ifs025,6,23.1,,25.1,41.8
chillan,2026-07-10,ecmwf_ifs025,7,0.8999999999999999,,25.1,41.8
chillan,2026-07-10,gfs_seamless,1,20.6,43.2,25.1,41.8
chillan,2026-07-10,gfs_seamless,2,20.700000000000003,47.5,25.1,41.8
chillan,2026-07-10,gfs_seamless,3,26.400000000000002,50.8,25.1,41.8
chillan,2026-07-10,gfs_seamless,4,7.499999999999999,43.2,25.1,41.8
chillan,2026-07-10,gfs_seamless,5,8.2,29.5,25.1,41.8
chillan,2026-07-10,gfs_seamless,6,0.8999999999999999,33.5,25.1,41.8
chillan,2026-07-10,gfs_seamless,7,11.3,66.6,25.1,41.8
chillan,2026-07-10,icon_seamless,1,4.699999999999999,35.3,25.1,41.8
chillan,2026-07-10,icon_seamless,2,7.8999999999999995,38.9,25.1,41.8
chillan,2026-07-10,icon_seamless,3,5.6,42.1,25.1,41.8
chillan,2026-07-10,icon_seamless,4,12.200000000000001,22.3,25.1,41.8
chillan,2026-07-10,icon_seamless,5,5.1000000000000005,13.0,25.1,41.8
chillan,2026-07-10,icon_seamless,6,14.5,34.6,25.1,41.8
chillan,2026-07-11,best_match,1,0.0,26.3,0.0,25.6
chillan,2026-07-11,best_match,2,0.0,19.4,0.0,25.6
chillan,2026-07-11,best_match,3,0.0,21.6,0.0,25.6
chillan,2026-07-11,best_match,4,0.0,22.7,0.0,25.6
chillan,2026-07-11,best_match,5,1.4999999999999998,13.7,0.0,25.6
chillan,2026-07-11,best_match,6,1.2,32.4,0.0,25.6
chillan,2026-07-11,best_match,7,0.5,22.0,0.0,25.6
chillan,2026-07-11,ecmwf_ifs025,1,0.0,,0.0,25.6
chillan,2026-07-11,ecmwf_ifs025,2,0.0,,0.0,25.6
chillan,2026-07-11,ecmwf_ifs025,3,0.30000000000000004,,0.0,25.6
chillan,2026-07-11,ecmwf_ifs025,4,0.0,,0.0,25.6
chillan,2026-07-11,ecmwf_ifs025,5,3.9000000000000004,,0.0,25.6
chillan,2026-07-11,ecmwf_ifs025,6,1.5,,0.0,25.6
chillan,2026-07-11,ecmwf_ifs025,7,0.9,,0.0,25.6
chillan,2026-07-11,gfs_seamless,1,0.0,27.0,0.0,25.6
chillan,2026-07-11,gfs_seamless,2,0.2,29.5,0.0,25.6
chillan,2026-07-11,gfs_seamless,3,0.0,31.3,0.0,25.6
chillan,2026-07-11,gfs_seamless,4,0.0,26.3,0.0,25.6
chillan,2026-07-11,gfs_seamless,5,0.0,25.2,0.0,25.6
chillan,2026-07-11,gfs_seamless,6,0.7,22.0,0.0,25.6
chillan,2026-07-11,gfs_seamless,7,1.4000000000000001,22.0,0.0,25.6
chillan,2026-07-11,icon_seamless,1,0.0,26.3,0.0,25.6
chillan,2026-07-11,icon_seamless,2,0.0,19.4,0.0,25.6
chillan,2026-07-11,icon_seamless,3,0.0,21.6,0.0,25.6
chillan,2026-07-11,icon_seamless,4,0.7000000000000001,22.7,0.0,25.6
chillan,2026-07-11,icon_seamless,5,0.0,13.7,0.0,25.6
chillan,2026-07-11,icon_seamless,6,3.0,32.4,0.0,25.6
chillan,2026-07-12,best_match,1,0.0,15.5,0.0,20.2
chillan,2026-07-12,best_match,2,0.0,18.0,0.0,20.2
chillan,2026-07-12,best_match,3,0.0,14.0,0.0,20.2
chillan,2026-07-12,best_match,4,0.0,21.6,0.0,20.2
chillan,2026-07-12,best_match,5,0.4,16.9,0.0,20.2
chillan,2026-07-12,best_match,6,0.0,26.6,0.0,20.2
chillan,2026-07-12,best_match,7,0.0,32.0,0.0,20.2
chillan,2026-07-12,ecmwf_ifs025,1,0.0,,0.0,20.2
chillan,2026-07-12,ecmwf_ifs025,2,0.0,,0.0,20.2
chillan,2026-07-12,ecmwf_ifs025,3,0.0,,0.0,20.2
chillan,2026-07-12,ecmwf_ifs025,4,0.0,,0.0,20.2
chillan,2026-07-12,ecmwf_ifs025,5,0.30000000000000004,,0.0,20.2
chillan,2026-07-12,ecmwf_ifs025,6,0.30000000000000004,,0.0,20.2
chillan,2026-07-12,ecmwf_ifs025,7,0.30000000000000004,,0.0,20.2
chillan,2026-07-12,gfs_seamless,1,0.0,17.3,0.0,20.2
chillan,2026-07-12,gfs_seamless,2,0.0,22.7,0.0,20.2
chillan,2026-07-12,gfs_seamless,3,0.0,29.2,0.0,20.2
chillan,2026-07-12,gfs_seamless,4,0.0,36.0,0.0,20.2
chillan,2026-07-12,gfs_seamless,5,0.0,26.6,0.0,20.2
chillan,2026-07-12,gfs_seamless,6,0.0,24.5,0.0,20.2
chillan,2026-07-12,gfs_seamless,7,0.0,32.0,0.0,20.2
chillan,2026-07-12,icon_seamless,1,0.0,15.5,0.0,20.2
chillan,2026-07-12,icon_seamless,2,0.0,18.0,0.0,20.2
chillan,2026-07-12,icon_seamless,3,0.0,14.0,0.0,20.2
chillan,2026-07-12,icon_seamless,4,0.30000000000000004,21.6,0.0,20.2
chillan,2026-07-12,icon_seamless,5,0.0,16.9,0.0,20.2
chillan,2026-07-12,icon_seamless,6,7.5,26.6,0.0,20.2
chillan,2026-07-13,best_match,1,0.0,27.4,0.0,20.5
chillan,2026-07-13,best_match,2,0.0,16.2,0.0,20.5
chillan,2026-07-13,best_match,3,0.0,26.3,0.0,20.5
chillan,2026-07-13,best_match,4,2.0,31.7,0.0,20.5
chillan,2026-07-13,best_match,5,1.4,33.5,0.0,20.5
chillan,2026-07-13,best_match,6,10.500000000000002,27.0,0.0,20.5
chillan,2026-07-13,best_match,7,4.7,32.8,0.0,20.5
chillan,2026-07-13,ecmwf_ifs025,1,0.0,,0.0,20.5
chillan,2026-07-13,ecmwf_ifs025,2,0.0,,0.0,20.5
chillan,2026-07-13,ecmwf_ifs025,3,0.0,,0.0,20.5
chillan,2026-07-13,ecmwf_ifs025,4,3.9,,0.0,20.5
chillan,2026-07-13,ecmwf_ifs025,5,0.0,,0.0,20.5
chillan,2026-07-13,ecmwf_ifs025,6,9.600000000000001,,0.0,20.5
chillan,2026-07-13,ecmwf_ifs025,7,4.800000000000001,,0.0,20.5
chillan,2026-07-13,gfs_seamless,1,0.0,19.4,0.0,20.5
chillan,2026-07-13,gfs_seamless,2,0.0,16.6,0.0,20.5
chillan,2026-07-13,gfs_seamless,3,1.9,26.3,0.0,20.5
chillan,2026-07-13,gfs_seamless,4,0.5,19.8,0.0,20.5
chillan,2026-07-13,gfs_seamless,5,0.6000000000000001,38.9,0.0,20.5
chillan,2026-07-13,gfs_seamless,6,1.2,45.0,0.0,20.5
chillan,2026-07-13,gfs_seamless,7,0.4,32.8,0.0,20.5
chillan,2026-07-13,icon_seamless,1,0.9,27.4,0.0,20.5
chillan,2026-07-13,icon_seamless,2,0.6,16.2,0.0,20.5
chillan,2026-07-13,icon_seamless,3,1.5,26.3,0.0,20.5
chillan,2026-07-13,icon_seamless,4,8.6,31.7,0.0,20.5
chillan,2026-07-13,icon_seamless,5,5.8,33.5,0.0,20.5
chillan,2026-07-13,icon_seamless,6,7.900000000000001,27.0,0.0,20.5
chillan,2026-07-14,best_match,1,7.6,64.8,24.6,53.6
chillan,2026-07-14,best_match,2,1.0,65.9,24.6,53.6
chillan,2026-07-14,best_match,3,1.4,49.7,24.6,53.6
chillan,2026-07-14,best_match,4,3.2,60.1,24.6,53.6
chillan,2026-07-14,best_match,5,8.0,20.5,24.6,53.6
chillan,2026-07-14,best_match,6,19.9,23.4,24.6,53.6
chillan,2026-07-14,best_match,7,2.7,53.3,24.6,53.6
chillan,2026-07-14,ecmwf_ifs025,1,10.8,,24.6,53.6
chillan,2026-07-14,ecmwf_ifs025,2,2.0999999999999996,,24.6,53.6
chillan,2026-07-14,ecmwf_ifs025,3,2.4,,24.6,53.6
chillan,2026-07-14,ecmwf_ifs025,4,0.9,,24.6,53.6
chillan,2026-07-14,ecmwf_ifs025,5,10.500000000000002,,24.6,53.6
chillan,2026-07-14,ecmwf_ifs025,6,5.1,,24.6,53.6
chillan,2026-07-14,ecmwf_ifs025,7,3.0,,24.6,53.6
chillan,2026-07-14,gfs_seamless,1,0.3,64.1,24.6,53.6
chillan,2026-07-14,gfs_seamless,2,0.0,61.9,24.6,53.6
chillan,2026-07-14,gfs_seamless,3,4.4,45.0,24.6,53.6
chillan,2026-07-14,gfs_seamless,4,6.299999999999999,22.0,24.6,53.6
chillan,2026-07-14,gfs_seamless,5,1.3,29.9,24.6,53.6
chillan,2026-07-14,gfs_seamless,6,12.2,55.8,24.6,53.6
chillan,2026-07-14,gfs_seamless,7,2.9000000000000004,53.3,24.6,53.6
chillan,2026-07-14,icon_seamless,1,14.0,64.8,24.6,53.6
chillan,2026-07-14,icon_seamless,2,17.6,65.9,24.6,53.6
chillan,2026-07-14,icon_seamless,3,37.0,49.7,24.6,53.6
chillan,2026-07-14,icon_seamless,4,57.800000000000004,60.1,24.6,53.6
chillan,2026-07-14,icon_seamless,5,4.4,20.5,24.6,53.6
chillan,2026-07-14,icon_seamless,6,4.6,23.4,24.6,53.6
chillan,2026-07-15,best_match,1,65.4,55.8,78.6,58.0
chillan,2026-07-15,best_match,2,78.9,64.8,78.6,58.0
chillan,2026-07-15,best_match,3,76.7,50.0,78.6,58.0
chillan,2026-07-15,best_match,4,71.80000000000001,55.8,78.6,58.0
chillan,2026-07-15,best_match,5,57.8,44.6,78.6,58.0
chillan,2026-07-15,best_match,6,34.5,20.9,78.6,58.0
chillan,2026-07-15,best_match,7,15.299999999999999,67.0,78.6,58.0
chillan,2026-07-15,ecmwf_ifs025,1,86.4,,78.6,58.0
chillan,2026-07-15,ecmwf_ifs025,2,90.9,,78.6,58.0
chillan,2026-07-15,ecmwf_ifs025,3,84.89999999999999,,78.6,58.0
chillan,2026-07-15,ecmwf_ifs025,4,57.0,,78.6,58.0
chillan,2026-07-15,ecmwf_ifs025,5,67.80000000000001,,78.6,58.0
chillan,2026-07-15,ecmwf_ifs025,6,37.5,,78.6,58.0
chillan,2026-07-15,ecmwf_ifs025,7,16.200000000000003,,78.6,58.0
chillan,2026-07-15,gfs_seamless,1,92.0,74.2,78.6,58.0
chillan,2026-07-15,gfs_seamless,2,94.4,66.6,78.6,58.0
chillan,2026-07-15,gfs_seamless,3,64.3,71.3,78.6,58.0
chillan,2026-07-15,gfs_seamless,4,28.1,63.4,78.6,58.0
chillan,2026-07-15,gfs_seamless,5,14.200000000000001,61.6,78.6,58.0
chillan,2026-07-15,gfs_seamless,6,14.600000000000001,58.0,78.6,58.0
chillan,2026-07-15,gfs_seamless,7,14.5,67.0,78.6,58.0
chillan,2026-07-15,icon_seamless,1,27.999999999999996,55.8,78.6,58.0
chillan,2026-07-15,icon_seamless,2,37.900000000000006,64.8,78.6,58.0
chillan,2026-07-15,icon_seamless,3,70.1,50.0,78.6,58.0
chillan,2026-07-15,icon_seamless,4,40.599999999999994,55.8,78.6,58.0
chillan,2026-07-15,icon_seamless,5,48.0,44.6,78.6,58.0
chillan,2026-07-15,icon_seamless,6,25.299999999999997,20.9,78.6,58.0
chillan,2026-07-16,best_match,1,37.3,96.5,37.7,80.3
chillan,2026-07-16,best_match,2,43.4,96.5,37.7,80.3
chillan,2026-07-16,best_match,3,37.400000000000006,91.1,37.7,80.3
chillan,2026-07-16,best_match,4,60.800000000000004,85.7,37.7,80.3
chillan,2026-07-16,best_match,5,36.0,71.3,37.7,80.3
chillan,2026-07-16,best_match,6,63.5,90.0,37.7,80.3
chillan,2026-07-16,best_match,7,37.9,103.3,37.7,80.3
chillan,2026-07-16,ecmwf_ifs025,1,46.5,,37.7,80.3
chillan,2026-07-16,ecmwf_ifs025,2,34.8,,37.7,80.3
chillan,2026-07-16,ecmwf_ifs025,3,41.1,,37.7,80.3
chillan,2026-07-16,ecmwf_ifs025,4,58.8,,37.7,80.3
chillan,2026-07-16,ecmwf_ifs025,5,42.3,,37.7,80.3
chillan,2026-07-16,ecmwf_ifs025,6,56.7,,37.7,80.3
chillan,2026-07-16,ecmwf_ifs025,7,38.1,,37.7,80.3
chillan,2026-07-16,gfs_seamless,1,38.9,106.6,37.7,80.3
chillan,2026-07-16,gfs_seamless,2,55.2,110.9,37.7,80.3
chillan,2026-07-16,gfs_seamless,3,32.800000000000004,114.8,37.7,80.3
chillan,2026-07-16,gfs_seamless,4,40.89999999999999,104.8,37.7,80.3
chillan,2026-07-16,gfs_seamless,5,16.5,104.4,37.7,80.3
chillan,2026-07-16,gfs_seamless,6,3.8,104.0,37.7,80.3
chillan,2026-07-16,gfs_seamless,7,6.200000000000001,103.3,37.7,80.3
chillan,2026-07-16,icon_seamless,1,35.2,96.5,37.7,80.3
chillan,2026-07-16,icon_seamless,2,45.7,96.5,37.7,80.3
chillan,2026-07-16,icon_seamless,3,39.099999999999994,91.1,37.7,80.3
chillan,2026-07-16,icon_seamless,4,71.8,85.7,37.7,80.3
chillan,2026-07-16,icon_seamless,5,40.7,71.3,37.7,80.3
chillan,2026-07-16,icon_seamless,6,58.400000000000006,90.0,37.7,80.3
chillan,2026-07-17,best_match,1,41.400000000000006,32.8,36.3,38.2
chillan,2026-07-17,best_match,2,43.900000000000006,31.3,36.3,38.2
chillan,2026-07-17,best_match,3,19.1,40.3,36.3,38.2
chillan,2026-07-17,best_match,4,22.3,56.2,36.3,38.2
chillan,2026-07-17,best_match,5,1.2000000000000002,63.0,36.3,38.2
chillan,2026-07-17,best_match,6,32.0,85.7,36.3,38.2
chillan,2026-07-17,best_match,7,3.8000000000000003,108.0,36.3,38.2
chillan,2026-07-17,ecmwf_ifs025,1,43.2,,36.3,38.2
chillan,2026-07-17,ecmwf_ifs025,2,37.5,,36.3,38.2
chillan,2026-07-17,ecmwf_ifs025,3,12.9,,36.3,38.2
chillan,2026-07-17,ecmwf_ifs025,4,18.0,,36.3,38.2
chillan,2026-07-17,ecmwf_ifs025,5,2.7,,36.3,38.2
chillan,2026-07-17,ecmwf_ifs025,6,30.6,,36.3,38.2
chillan,2026-07-17,ecmwf_ifs025,7,4.2,,36.3,38.2
chillan,2026-07-17,gfs_seamless,1,27.4,59.0,36.3,38.2
chillan,2026-07-17,gfs_seamless,2,30.0,71.6,36.3,38.2
chillan,2026-07-17,gfs_seamless,3,41.7,60.8,36.3,38.2
chillan,2026-07-17,gfs_seamless,4,42.300000000000004,75.6,36.3,38.2
chillan,2026-07-17,gfs_seamless,5,10.0,88.9,36.3,38.2
chillan,2026-07-17,gfs_seamless,6,23.9,97.6,36.3,38.2
chillan,2026-07-17,gfs_seamless,7,26.0,108.0,36.3,38.2
chillan,2026-07-17,icon_seamless,1,11.5,32.8,36.3,38.2
chillan,2026-07-17,icon_seamless,2,7.6,31.3,36.3,38.2
chillan,2026-07-17,icon_seamless,3,7.9,40.3,36.3,38.2
chillan,2026-07-17,icon_seamless,4,9.5,56.2,36.3,38.2
chillan,2026-07-17,icon_seamless,5,27.200000000000003,63.0,36.3,38.2
chillan,2026-07-17,icon_seamless,6,24.6,85.7,36.3,38.2
chillan,2026-07-18,best_match,1,27.5,59.0,28.8,51.1
chillan,2026-07-18,best_match,2,21.3,41.0,28.8,51.1
chillan,2026-07-18,best_match,3,31.5,45.7,28.8,51.1
chillan,2026-07-18,best_match,4,11.6,47.5,28.8,51.1
chillan,2026-07-18,best_match,5,6.0,38.9,28.8,51.1
chillan,2026-07-18,best_match,6,32.5,51.8,28.8,51.1
chillan,2026-07-18,best_match,7,41.0,50.4,28.8,51.1
chillan,2026-07-18,ecmwf_ifs025,1,29.4,,28.8,51.1
chillan,2026-07-18,ecmwf_ifs025,2,27.6,,28.8,51.1
chillan,2026-07-18,ecmwf_ifs025,3,21.6,,28.8,51.1
chillan,2026-07-18,ecmwf_ifs025,4,18.0,,28.8,51.1
chillan,2026-07-18,ecmwf_ifs025,5,10.2,,28.8,51.1
chillan,2026-07-18,ecmwf_ifs025,6,29.099999999999998,,28.8,51.1
chillan,2026-07-18,ecmwf_ifs025,7,50.99999999999999,,28.8,51.1
chillan,2026-07-18,gfs_seamless,1,19.5,62.6,28.8,51.1
chillan,2026-07-18,gfs_seamless,2,33.7,73.4,28.8,51.1
chillan,2026-07-18,gfs_seamless,3,24.1,50.0,28.8,51.1
chillan,2026-07-18,gfs_seamless,4,15.700000000000001,43.9,28.8,51.1
chillan,2026-07-18,gfs_seamless,5,11.3,57.2,28.8,51.1
chillan,2026-07-18,gfs_seamless,6,11.9,79.2,28.8,51.1
chillan,2026-07-18,gfs_seamless,7,4.4,50.4,28.8,51.1
chillan,2026-07-18,icon_seamless,1,17.4,59.0,28.8,51.1
chillan,2026-07-18,icon_seamless,2,22.5,41.0,28.8,51.1
chillan,2026-07-18,icon_seamless,3,20.9,45.7,28.8,51.1
chillan,2026-07-18,icon_seamless,4,18.6,47.5,28.8,51.1
chillan,2026-07-18,icon_seamless,5,5.3,38.9,28.8,51.1
chillan,2026-07-18,icon_seamless,6,27.8,51.8,28.8,51.1
concepcion,2026-07-04,best_match,1,0.8999999999999999,16.9,0.7,26.3
concepcion,2026-07-04,best_match,2,5.3,17.6,0.7,26.3
concepcion,2026-07-04,best_match,3,6.4,15.8,0.7,26.3
concepcion,2026-07-04,best_match,4,3.6000000000000005,20.2,0.7,26.3
concepcion,2026-07-04,best_match,5,6.699999999999999,17.3,0.7,26.3
concepcion,2026-07-04,best_match,6,3.9000000000000004,16.9,0.7,26.3
concepcion,2026-07-04,best_match,7,1.5,7.6,0.7,26.3
concepcion,2026-07-05,best_match,1,0.0,17.3,0.0,25.9
concepcion,2026-07-05,best_match,2,0.0,18.7,0.0,25.9
concepcion,2026-07-05,best_match,3,0.0,16.2,0.0,25.9
concepcion,2026-07-05,best_match,4,0.0,18.7,0.0,25.9
concepcion,2026-07-05,best_match,5,0.0,27.0,0.0,25.9
concepcion,2026-07-05,best_match,6,0.0,16.6,0.0,25.9
concepcion,2026-07-05,best_match,7,0.0,12.6,0.0,25.9
concepcion,2026-07-05,ecmwf_ifs025,1,0.0,,0.0,25.9
concepcion,2026-07-05,ecmwf_ifs025,2,0.0,,0.0,25.9
concepcion,2026-07-05,ecmwf_ifs025,3,0.0,,0.0,25.9
concepcion,2026-07-05,ecmwf_ifs025,4,0.0,,0.0,25.9
concepcion,2026-07-05,ecmwf_ifs025,5,0.0,,0.0,25.9
concepcion,2026-07-05,ecmwf_ifs025,6,0.0,,0.0,25.9
concepcion,2026-07-05,ecmwf_ifs025,7,0.0,,0.0,25.9
concepcion,2026-07-05,gfs_seamless,1,0.0,9.0,0.0,25.9
concepcion,2026-07-05,gfs_seamless,2,0.0,14.8,0.0,25.9
concepcion,2026-07-05,gfs_seamless,3,0.0,10.1,0.0,25.9
concepcion,2026-07-05,gfs_seamless,4,0.1,23.8,0.0,25.9
concepcion,2026-07-05,gfs_seamless,5,0.0,12.2,0.0,25.9
concepcion,2026-07-05,gfs_seamless,6,0.0,16.6,0.0,25.9
concepcion,2026-07-05,gfs_seamless,7,0.0,12.6,0.0,25.9
concepcion,2026-07-05,icon_seamless,1,0.0,17.3,0.0,25.9
concepcion,2026-07-05,icon_seamless,2,0.0,18.7,0.0,25.9
concepcion,2026-07-05,icon_seamless,3,0.0,16.2,0.0,25.9
concepcion,2026-07-05,icon_seamless,4,0.2,18.7,0.0,25.9
concepcion,2026-07-05,icon_seamless,5,2.9,27.0,0.0,25.9
concepcion,2026-07-05,icon_seamless,6,0.0,16.6,0.0,25.9
concepcion,2026-07-06,best_match,1,0.0,15.8,0.9,26.6
concepcion,2026-07-06,best_match,2,0.0,13.7,0.9,26.6
concepcion,2026-07-06,best_match,3,0.0,16.9,0.9,26.6
concepcion,2026-07-06,best_match,4,0.0,15.5,0.9,26.6
concepcion,2026-07-06,best_match,5,0.0,16.2,0.9,26.6
concepcion,2026-07-06,best_match,6,0.30000000000000004,21.6,0.9,26.6
concepcion,2026-07-06,best_match,7,0.0,13.0,0.9,26.6
concepcion,2026-07-06,ecmwf_ifs025,1,0.0,,0.9,26.6
concepcion,2026-07-06,ecmwf_ifs025,2,0.0,,0.9,26.6
concepcion,2026-07-06,ecmwf_ifs025,3,0.0,,0.9,26.6
concepcion,2026-07-06,ecmwf_ifs025,4,0.0,,0.9,26.6
concepcion,2026-07-06,ecmwf_ifs025,5,0.0,,0.9,26.6
concepcion,2026-07-06,ecmwf_ifs025,6,0.6000000000000001,,0.9,26.6
concepcion,2026-07-06,ecmwf_ifs025,7,0.0,,0.9,26.6
concepcion,2026-07-06,gfs_seamless,1,0.0,8.6,0.9,26.6
concepcion,2026-07-06,gfs_seamless,2,0.0,7.9,0.9,26.6
concepcion,2026-07-06,gfs_seamless,3,0.0,8.3,0.9,26.6
concepcion,2026-07-06,gfs_seamless,4,0.0,9.0,0.9,26.6
concepcion,2026-07-06,gfs_seamless,5,0.0,11.9,0.9,26.6
concepcion,2026-07-06,gfs_seamless,6,0.0,10.4,0.9,26.6
concepcion,2026-07-06,gfs_seamless,7,0.0,13.0,0.9,26.6
concepcion,2026-07-06,icon_seamless,1,0.0,15.8,0.9,26.6
concepcion,2026-07-06,icon_seamless,2,0.0,13.7,0.9,26.6
concepcion,2026-07-06,icon_seamless,3,0.0,16.9,0.9,26.6
concepcion,2026-07-06,icon_seamless,4,0.0,15.5,0.9,26.6
concepcion,2026-07-06,icon_seamless,5,0.0,16.2,0.9,26.6
concepcion,2026-07-06,icon_seamless,6,0.0,21.6,0.9,26.6
concepcion,2026-07-07,best_match,1,1.3,22.7,1.1,28.4
concepcion,2026-07-07,best_match,2,0.30000000000000004,23.0,1.1,28.4
concepcion,2026-07-07,best_match,3,4.800000000000001,24.1,1.1,28.4
concepcion,2026-07-07,best_match,4,13.000000000000002,21.6,1.1,28.4
concepcion,2026-07-07,best_match,5,4.8,29.5,1.1,28.4
concepcion,2026-07-07,best_match,6,29.0,61.9,1.1,28.4
concepcion,2026-07-07,best_match,7,9.6,34.6,1.1,28.4
concepcion,2026-07-07,ecmwf_ifs025,1,0.6000000000000001,,1.1,28.4
concepcion,2026-07-07,ecmwf_ifs025,2,0.30000000000000004,,1.1,28.4
concepcion,2026-07-07,ecmwf_ifs025,3,1.5000000000000002,,1.1,28.4
concepcion,2026-07-07,ecmwf_ifs025,4,3.5999999999999996,,1.1,28.4
concepcion,2026-07-07,ecmwf_ifs025,5,5.7,,1.1,28.4
concepcion,2026-07-07,ecmwf_ifs025,6,20.7,,1.1,28.4
concepcion,2026-07-07,ecmwf_ifs025,7,14.1,,1.1,28.4
concepcion,2026-07-07,gfs_seamless,1,0.0,12.2,1.1,28.4
concepcion,2026-07-07,gfs_seamless,2,0.1,14.4,1.1,28.4
concepcion,2026-07-07,gfs_seamless,3,0.3,18.7,1.1,28.4
concepcion,2026-07-07,gfs_seamless,4,0.5,52.2,1.1,28.4
concepcion,2026-07-07,gfs_seamless,5,1.7999999999999998,54.4,1.1,28.4
concepcion,2026-07-07,gfs_seamless,6,0.0,9.7,1.1,28.4
concepcion,2026-07-07,gfs_seamless,7,0.0,34.6,1.1,28.4
concepcion,2026-07-07,icon_seamless,1,0.0,22.7,1.1,28.4
concepcion,2026-07-07,icon_seamless,2,0.9,23.0,1.1,28.4
concepcion,2026-07-07,icon_seamless,3,6.999999999999999,24.1,1.1,28.4
concepcion,2026-07-07,icon_seamless,4,4.5,21.6,1.1,28.4
concepcion,2026-07-07,icon_seamless,5,10.100000000000001,29.5,1.1,28.4
concepcion,2026-07-07,icon_seamless,6,21.0,61.9,1.1,28.4
concepcion,2026-07-08,best_match,1,13.2,57.6,14.3,56.9
concepcion,2026-07-08,best_match,2,26.799999999999997,62.6,14.3,56.9
concepcion,2026-07-08,best_match,3,11.7,59.0,14.3,56.9
concepcion,2026-07-08,best_match,4,52.2,45.7,14.3,56.9
concepcion,2026-07-08,best_match,5,37.7,61.6,14.3,56.9
concepcion,2026-07-08,best_match,6,59.1,63.7,14.3,56.9
concepcion,2026-07-08,best_match,7,44.0,62.3,14.3,56.9
concepcion,2026-07-08,ecmwf_ifs025,1,13.799999999999999,,14.3,56.9
concepcion,2026-07-08,ecmwf_ifs025,2,21.9,,14.3,56.9
concepcion,2026-07-08,ecmwf_ifs025,3,16.200000000000003,,14.3,56.9
concepcion,2026-07-08,ecmwf_ifs025,4,46.2,,14.3,56.9
concepcion,2026-07-08,ecmwf_ifs025,5,23.4,,14.3,56.9
concepcion,2026-07-08,ecmwf_ifs025,6,45.0,,14.3,56.9
concepcion,2026-07-08,ecmwf_ifs025,7,42.3,,14.3,56.9
concepcion,2026-07-08,gfs_seamless,1,11.200000000000001,54.0,14.3,56.9
concepcion,2026-07-08,gfs_seamless,2,2.8,56.9,14.3,56.9
concepcion,2026-07-08,gfs_seamless,3,4.2,59.8,14.3,56.9
concepcion,2026-07-08,gfs_seamless,4,45.2,55.4,14.3,56.9
concepcion,2026-07-08,gfs_seamless,5,13.700000000000001,52.2,14.3,56.9
concepcion,2026-07-08,gfs_seamless,6,26.8,55.1,14.3,56.9
concepcion,2026-07-08,gfs_seamless,7,14.8,62.3,14.3,56.9
concepcion,2026-07-08,icon_seamless,1,12.0,57.6,14.3,56.9
concepcion,2026-07-08,icon_seamless,2,25.2,62.6,14.3,56.9
concepcion,2026-07-08,icon_seamless,3,26.599999999999998,59.0,14.3,56.9
concepcion,2026-07-08,icon_seamless,4,48.2,45.7,14.3,56.9
concepcion,2026-07-08,icon_seamless,5,55.0,61.6,14.3,56.9
concepcion,2026-07-08,icon_seamless,6,57.2,63.7,14.3,56.9
concepcion,2026-07-09,best_match,1,6.699999999999999,17.6,7.2,32.0
concepcion,2026-07-09,best_match,2,8.7,16.9,7.2,32.0
concepcion,2026-07-09,best_match,3,29.900000000000002,19.8,7.2,32.0
concepcion,2026-07-09,best_match,4,49.6,45.4,7.2,32.0
concepcion,2026-07-09,best_match,5,10.3,49.3,7.2,32.0
concepcion,2026-07-09,best_match,6,4.7,53.3,7.2,32.0
concepcion,2026-07-09,best_match,7,4.3,52.6,7.2,32.0
concepcion,2026-07-09,ecmwf_ifs025,1,6.6,,7.2,32.0
concepcion,2026-07-09,ecmwf_ifs025,2,11.7,,7.2,32.0
concepcion,2026-07-09,ecmwf_ifs025,3,20.7,,7.2,32.0
concepcion,2026-07-09,ecmwf_ifs025,4,36.3,,7.2,32.0
concepcion,2026-07-09,ecmwf_ifs025,5,7.5,,7.2,32.0
concepcion,2026-07-09,ecmwf_ifs025,6,6.6,,7.2,32.0
concepcion,2026-07-09,ecmwf_ifs025,7,8.4,,7.2,32.0
concepcion,2026-07-09,gfs_seamless,1,4.6,9.7,7.2,32.0
concepcion,2026-07-09,gfs_seamless,2,0.0,6.8,7.2,32.0
concepcion,2026-07-09,gfs_seamless,3,0.1,9.7,7.2,32.0
concepcion,2026-07-09,gfs_seamless,4,0.9,25.9,7.2,32.0
concepcion,2026-07-09,gfs_seamless,5,0.0,13.3,7.2,32.0
concepcion,2026-07-09,gfs_seamless,6,0.0,15.8,7.2,32.0
concepcion,2026-07-09,gfs_seamless,7,10.299999999999999,52.6,7.2,32.0
concepcion,2026-07-09,icon_seamless,1,6.6,17.6,7.2,32.0
concepcion,2026-07-09,icon_seamless,2,8.700000000000001,16.9,7.2,32.0
concepcion,2026-07-09,icon_seamless,3,16.400000000000002,19.8,7.2,32.0
concepcion,2026-07-09,icon_seamless,4,14.700000000000001,45.4,7.2,32.0
concepcion,2026-07-09,icon_seamless,5,35.9,49.3,7.2,32.0
concepcion,2026-07-09,icon_seamless,6,18.1,53.3,7.2,32.0
concepcion,2026-07-10,best_match,1,40.900000000000006,24.5,19.6,44.6
concepcion,2026-07-10,best_match,2,26.299999999999997,52.9,19.6,44.6
concepcion,2026-07-10,best_match,3,14.5,50.0,19.6,44.6
concepcion,2026-07-10,best_match,4,7.0,23.0,19.6,44.6
concepcion,2026-07-10,best_match,5,0.2,15.5,19.6,44.6
concepcion,2026-07-10,best_match,6,2.9,25.6,19.6,44.6
concepcion,2026-07-10,best_match,7,0.5,51.5,19.6,44.6
concepcion,2026-07-10,ecmwf_ifs025,1,34.199999999999996,,19.6,44.6
concepcion,2026-07-10,ecmwf_ifs025,2,19.800000000000004,,19.6,44.6
concepcion,2026-07-10,ecmwf_ifs025,3,15.600000000000001,,19.6,44.6
concepcion,2026-07-10,ecmwf_ifs025,4,13.200000000000001,,19.6,44.6
concepcion,2026-07-10,ecmwf_ifs025,5,0.0,,19.6,44.6
concepcion,2026-07-10,ecmwf_ifs025,6,6.300000000000001,,19.6,44.6
concepcion,2026-07-10,ecmwf_ifs025,7,0.9,,19.6,44.6
concepcion,2026-07-10,gfs_seamless,1,13.9,28.8,19.6,44.6
concepcion,2026-07-10,gfs_seamless,2,16.200000000000003,46.1,19.6,44.6
concepcion,2026-07-10,gfs_seamless,3,27.7,59.0,19.6,44.6
concepcion,2026-07-10,gfs_seamless,4,8.4,56.9,19.6,44.6
concepcion,2026-07-10,gfs_seamless,5,2.5,14.8,19.6,44.6
concepcion,2026-07-10,gfs_seamless,6,0.1,28.8,19.6,44.6
concepcion,2026-07-10,gfs_seamless,7,11.399999999999999,51.5,19.6,44.6
concepcion,2026-07-10,icon_seamless,1,5.5,24.5,19.6,44.6
concepcion,2026-07-10,icon_seamless,2,3.9000000000000004,52.9,19.6,44.6
concepcion,2026-07-10,icon_seamless,3,1.3,50.0,19.6,44.6
concepcion,2026-07-10,icon_seamless,4,3.9,23.0,19.6,44.6
concepcion,2026-07-10,icon_seamless,5,3.6000000000000005,15.5,19.6,44.6
concepcion,2026-07-10,icon_seamless,6,6.300000000000001,25.6,19.6,44.6
concepcion,2026-07-11,best_match,1,0.0,17.6,0.0,27.0
concepcion,2026-07-11,best_match,2,0.0,15.1,0.0,27.0
concepcion,2026-07-11,best_match,3,0.1,19.4,0.0,27.0
concepcion,2026-07-11,best_match,4,0.0,13.7,0.0,27.0
concepcion,2026-07-11,best_match,5,2.5,16.6,0.0,27.0
concepcion,2026-07-11,best_match,6,1.9999999999999998,37.4,0.0,27.0
concepcion,2026-07-11,best_match,7,0.4,22.0,0.0,27.0
concepcion,2026-07-11,ecmwf_ifs025,1,0.0,,0.0,27.0
concepcion,2026-07-11,ecmwf_ifs025,2,0.0,,0.0,27.0
concepcion,2026-07-11,ecmwf_ifs025,3,0.0,,0.0,27.0
concepcion,2026-07-11,ecmwf_ifs025,4,0.0,,0.0,27.0
concepcion,2026-07-11,ecmwf_ifs025,5,1.5,,0.0,27.0
concepcion,2026-07-11,ecmwf_ifs025,6,0.9,,0.0,27.0
concepcion,2026-07-11,ecmwf_ifs025,7,0.8999999999999999,,0.0,27.0
concepcion,2026-07-11,gfs_seamless,1,0.0,12.6,0.0,27.0
concepcion,2026-07-11,gfs_seamless,2,0.2,10.4,0.0,27.0
concepcion,2026-07-11,gfs_seamless,3,0.2,10.4,0.0,27.0
concepcion,2026-07-11,gfs_seamless,4,0.0,12.6,0.0,27.0
concepcion,2026-07-11,gfs_seamless,5,0.0,6.5,0.0,27.0
concepcion,2026-07-11,gfs_seamless,6,0.0,19.8,0.0,27.0
concepcion,2026-07-11,gfs_seamless,7,1.7000000000000002,22.0,0.0,27.0
concepcion,2026-07-11,icon_seamless,1,0.0,17.6,0.0,27.0
concepcion,2026-07-11,icon_seamless,2,0.0,15.1,0.0,27.0
concepcion,2026-07-11,icon_seamless,3,0.1,19.4,0.0,27.0
concepcion,2026-07-11,icon_seamless,4,0.0,13.7,0.0,27.0
concepcion,2026-07-11,icon_seamless,5,0.0,16.6,0.0,27.0
concepcion,2026-07-11,icon_seamless,6,4.1,37.4,0.0,27.0
concepcion,2026-07-12,best_match,1,0.0,14.8,0.0,18.4
concepcion,2026-07-12,best_match,2,0.0,13.7,0.0,18.4
concepcion,2026-07-12,best_match,3,0.0,15.1,0.0,18.4
concepcion,2026-07-12,best_match,4,0.0,19.1,0.0,18.4
concepcion,2026-07-12,best_match,5,0.1,41.0,0.0,18.4
concepcion,2026-07-12,best_match,6,0.1,46.8,0.0,18.4
concepcion,2026-07-12,best_match,7,1.4000000000000001,8.6,0.0,18.4
concepcion,2026-07-12,ecmwf_ifs025,1,0.0,,0.0,18.4
concepcion,2026-07-12,ecmwf_ifs025,2,0.0,,0.0,18.4
concepcion,2026-07-12,ecmwf_ifs025,3,0.0,,0.0,18.4
concepcion,2026-07-12,ecmwf_ifs025,4,0.0,,0.0,18.4
concepcion,2026-07-12,ecmwf_ifs025,5,0.30000000000000004,,0.0,18.4
concepcion,2026-07-12,ecmwf_ifs025,6,0.6000000000000001,,0.0,18.4
concepcion,2026-07-12,ecmwf_ifs025,7,2.4,,0.0,18.4
concepcion,2026-07-12,gfs_seamless,1,0.0,6.8,0.0,18.4
concepcion,2026-07-12,gfs_seamless,2,0.0,7.9,0.0,18.4
concepcion,2026-07-12,gfs_seamless,3,0.0,8.6,0.0,18.4
concepcion,2026-07-12,gfs_seamless,4,0.0,8.3,0.0,18.4
concepcion,2026-07-12,gfs_seamless,5,0.0,7.9,0.0,18.4
concepcion,2026-07-12,gfs_seamless,6,0.0,9.0,0.0,18.4
concepcion,2026-07-12,gfs_seamless,7,0.0,8.6,0.0,18.4
concepcion,2026-07-12,icon_seamless,1,0.0,14.8,0.0,18.4
concepcion,2026-07-12,icon_seamless,2,0.0,13.7,0.0,18.4
concepcion,2026-07-12,icon_seamless,3,0.0,15.1,0.0,18.4
concepcion,2026-07-12,icon_seamless,4,0.30000000000000004,19.1,0.0,18.4
concepcion,2026-07-12,icon_seamless,5,0.6000000000000001,41.0,0.0,18.4
concepcion,2026-07-12,icon_seamless,6,8.2,46.8,0.0,18.4
concepcion,2026-07-13,best_match,1,2.1,19.8,1.7,29.9
concepcion,2026-07-13,best_match,2,4.1,21.6,1.7,29.9
concepcion,2026-07-13,best_match,3,1.7000000000000002,30.2,1.7,29.9
concepcion,2026-07-13,best_match,4,3.9,42.8,1.7,29.9
concepcion,2026-07-13,best_match,5,6.699999999999999,49.7,1.7,29.9
concepcion,2026-07-13,best_match,6,18.9,43.2,1.7,29.9
concepcion,2026-07-13,best_match,7,14.299999999999999,42.1,1.7,29.9
concepcion,2026-07-13,ecmwf_ifs025,1,3.3,,1.7,29.9
concepcion,2026-07-13,ecmwf_ifs025,2,3.5999999999999996,,1.7,29.9
concepcion,2026-07-13,ecmwf_ifs025,3,0.30000000000000004,,1.7,29.9
concepcion,2026-07-13,ecmwf_ifs025,4,3.8999999999999995,,1.7,29.9
concepcion,2026-07-13,ecmwf_ifs025,5,6.6000000000000005,,1.7,29.9
concepcion,2026-07-13,ecmwf_ifs025,6,23.7,,1.7,29.9
concepcion,2026-07-13,ecmwf_ifs025,7,9.0,,1.7,29.9
concepcion,2026-07-13,gfs_seamless,1,0.9,31.7,1.7,29.9
concepcion,2026-07-13,gfs_seamless,2,2.8,33.1,1.7,29.9
concepcion,2026-07-13,gfs_seamless,3,8.6,36.0,1.7,29.9
concepcion,2026-07-13,gfs_seamless,4,2.2,31.0,1.7,29.9
concepcion,2026-07-13,gfs_seamless,5,1.5,42.5,1.7,29.9
concepcion,2026-07-13,gfs_seamless,6,2.7,52.6,1.7,29.9
concepcion,2026-07-13,gfs_seamless,7,1.0,42.1,1.7,29.9
concepcion,2026-07-13,icon_seamless,1,4.2,19.8,1.7,29.9
concepcion,2026-07-13,icon_seamless,2,19.0,21.6,1.7,29.9
concepcion,2026-07-13,icon_seamless,3,14.7,30.2,1.7,29.9
concepcion,2026-07-13,icon_seamless,4,3.2,42.8,1.7,29.9
concepcion,2026-07-13,icon_seamless,5,2.7,49.7,1.7,29.9
concepcion,2026-07-13,icon_seamless,6,0.8,43.2,1.7,29.9
concepcion,2026-07-14,best_match,1,41.3,63.0,37.0,71.3
concepcion,2026-07-14,best_match,2,18.6,63.7,37.0,71.3
concepcion,2026-07-14,best_match,3,15.0,56.2,37.0,71.3
concepcion,2026-07-14,best_match,4,19.1,70.6,37.0,71.3
concepcion,2026-07-14,best_match,5,6.699999999999999,36.0,37.0,71.3
concepcion,2026-07-14,best_match,6,6.5,31.7,37.0,71.3
concepcion,2026-07-14,best_match,7,1.7000000000000002,46.1,37.0,71.3
concepcion,2026-07-14,ecmwf_ifs025,1,42.6,,37.0,71.3
concepcion,2026-07-14,ecmwf_ifs025,2,20.4,,37.0,71.3
concepcion,2026-07-14,ecmwf_ifs025,3,12.6,,37.0,71.3
concepcion,2026-07-14,ecmwf_ifs025,4,15.3,,37.0,71.3
concepcion,2026-07-14,ecmwf_ifs025,5,6.3,,37.0,71.3
concepcion,2026-07-14,ecmwf_ifs025,6,6.6,,37.0,71.3
concepcion,2026-07-14,ecmwf_ifs025,7,4.500000000000001,,37.0,71.3
concepcion,2026-07-14,gfs_seamless,1,32.5,62.3,37.0,71.3
concepcion,2026-07-14,gfs_seamless,2,30.299999999999997,60.8,37.0,71.3
concepcion,2026-07-14,gfs_seamless,3,28.9,49.3,37.0,71.3
concepcion,2026-07-14,gfs_seamless,4,3.5999999999999996,24.5,37.0,71.3
concepcion,2026-07-14,gfs_seamless,5,3.5,37.4,37.0,71.3
concepcion,2026-07-14,gfs_seamless,6,8.200000000000001,51.1,37.0,71.3
concepcion,2026-07-14,gfs_seamless,7,6.7,46.1,37.0,71.3
concepcion,2026-07-14,icon_seamless,1,43.1,63.0,37.0,71.3
concepcion,2026-07-14,icon_seamless,2,71.9,63.7,37.0,71.3
concepcion,2026-07-14,icon_seamless,3,51.599999999999994,56.2,37.0,71.3
concepcion,2026-07-14,icon_seamless,4,31.099999999999998,70.6,37.0,71.3
concepcion,2026-07-14,icon_seamless,5,3.4,36.0,37.0,71.3
concepcion,2026-07-14,icon_seamless,6,1.3000000000000003,31.7,37.0,71.3
concepcion,2026-07-15,best_match,1,37.1,67.0,28.5,61.6
concepcion,2026-07-15,best_match,2,37.1,61.2,28.5,61.6
concepcion,2026-07-15,best_match,3,64.39999999999999,56.2,28.5,61.6
concepcion,2026-07-15,best_match,4,77.80000000000001,64.1,28.5,61.6
concepcion,2026-07-15,best_match,5,52.0,22.0,28.5,61.6
concepcion,2026-07-15,best_match,6,55.49999999999999,22.7,28.5,61.6
concepcion,2026-07-15,best_match,7,10.2,51.1,28.5,61.6
concepcion,2026-07-15,ecmwf_ifs025,1,35.7,,28.5,61.6
concepcion,2026-07-15,ecmwf_ifs025,2,36.3,,28.5,61.6
concepcion,2026-07-15,ecmwf_ifs025,3,55.8,,28.5,61.6
concepcion,2026-07-15,ecmwf_ifs025,4,72.3,,28.5,61.6
concepcion,2026-07-15,ecmwf_ifs025,5,76.8,,28.5,61.6
concepcion,2026-07-15,ecmwf_ifs025,6,61.8,,28.5,61.6
concepcion,2026-07-15,ecmwf_ifs025,7,10.2,,28.5,61.6
concepcion,2026-07-15,gfs_seamless,1,66.39999999999999,67.3,28.5,61.6
concepcion,2026-07-15,gfs_seamless,2,68.2,55.8,28.5,61.6
concepcion,2026-07-15,gfs_seamless,3,42.7,56.5,28.5,61.6
concepcion,2026-07-15,gfs_seamless,4,50.599999999999994,52.6,28.5,61.6
concepcion,2026-07-15,gfs_seamless,5,37.800000000000004,53.6,28.5,61.6
concepcion,2026-07-15,gfs_seamless,6,8.5,50.0,28.5,61.6
concepcion,2026-07-15,gfs_seamless,7,15.7,51.1,28.5,61.6
concepcion,2026-07-15,icon_seamless,1,22.4,67.0,28.5,61.6
concepcion,2026-07-15,icon_seamless,2,23.599999999999998,61.2,28.5,61.6
concepcion,2026-07-15,icon_seamless,3,52.3,56.2,28.5,61.6
concepcion,2026-07-15,icon_seamless,4,41.199999999999996,64.1,28.5,61.6
concepcion,2026-07-15,icon_seamless,5,19.1,22.0,28.5,61.6
concepcion,2026-07-15,icon_seamless,6,8.9,22.7,28.5,61.6
concepcion,2026-07-16,best_match,1,32.6,112.0,42.5,96.1
concepcion,2026-07-16,best_match,2,48.8,112.0,42.5,96.1
concepcion,2026-07-16,best_match,3,68.1,91.1,42.5,96.1
concepcion,2026-07-16,best_match,4,28.099999999999998,86.8,42.5,96.1
concepcion,2026-07-16,best_match,5,27.4,85.0,42.5,96.1
concepcion,2026-07-16,best_match,6,32.6,98.3,42.5,96.1
concepcion,2026-07-16,best_match,7,37.0,82.4,42.5,96.1
concepcion,2026-07-16,ecmwf_ifs025,1,36.3,,42.5,96.1
concepcion,2026-07-16,ecmwf_ifs025,2,47.400000000000006,,42.5,96.1
concepcion,2026-07-16,ecmwf_ifs025,3,59.7,,42.5,96.1
concepcion,2026-07-16,ecmwf_ifs025,4,33.3,,42.5,96.1
concepcion,2026-07-16,ecmwf_ifs025,5,23.4,,42.5,96.1
concepcion,2026-07-16,ecmwf_ifs025,6,40.5,,42.5,96.1
concepcion,2026-07-16,ecmwf_ifs025,7,38.7,,42.5,96.1
concepcion,2026-07-16,gfs_seamless,1,54.9,89.3,42.5,96.1
concepcion,2026-07-16,gfs_seamless,2,60.5,85.7,42.5,96.1
concepcion,2026-07-16,gfs_seamless,3,113.4,82.8,42.5,96.1
concepcion,2026-07-16,gfs_seamless,4,53.6,84.2,42.5,96.1
concepcion,2026-07-16,gfs_seamless,5,25.1,79.6,42.5,96.1
concepcion,2026-07-16,gfs_seamless,6,11.1,80.3,42.5,96.1
concepcion,2026-07-16,gfs_seamless,7,9.899999999999999,82.4,42.5,96.1
concepcion,2026-07-16,icon_seamless,1,35.5,112.0,42.5,96.1
concepcion,2026-07-16,icon_seamless,2,73.5,112.0,42.5,96.1
concepcion,2026-07-16,icon_seamless,3,46.0,91.1,42.5,96.1
concepcion,2026-07-16,icon_seamless,4,69.4,86.8,42.5,96.1
concepcion,2026-07-16,icon_seamless,5,36.4,85.0,42.5,96.1
concepcion,2026-07-16,icon_seamless,6,56.0,98.3,42.5,96.1
concepcion,2026-07-17,best_match,1,15.5,23.8,9.9,27.4
concepcion,2026-07-17,best_match,2,19.9,16.9,9.9,27.4
concepcion,2026-07-17,best_match,3,6.9,34.9,9.9,27.4
concepcion,2026-07-17,best_match,4,5.5,62.6,9.9,27.4
concepcion,2026-07-17,best_match,5,1.4,73.1,9.9,27.4
concepcion,2026-07-17,best_match,6,17.3,78.5,9.9,27.4
concepcion,2026-07-17,best_match,7,0.4,84.6,9.9,27.4
concepcion,2026-07-17,ecmwf_ifs025,1,17.1,,9.9,27.4
concepcion,2026-07-17,ecmwf_ifs025,2,26.700000000000003,,9.9,27.4
concepcion,2026-07-17,ecmwf_ifs025,3,10.8,,9.9,27.4
concepcion,2026-07-17,ecmwf_ifs025,4,5.4,,9.9,27.4
concepcion,2026-07-17,ecmwf_ifs025,5,1.5,,9.9,27.4
concepcion,2026-07-17,ecmwf_ifs025,6,20.4,,9.9,27.4
concepcion,2026-07-17,ecmwf_ifs025,7,0.9,,9.9,27.4
concepcion,2026-07-17,gfs_seamless,1,8.700000000000001,30.2,9.9,27.4
concepcion,2026-07-17,gfs_seamless,2,24.9,36.7,9.9,27.4
concepcion,2026-07-17,gfs_seamless,3,12.5,31.0,9.9,27.4
concepcion,2026-07-17,gfs_seamless,4,12.0,31.0,9.9,27.4
concepcion,2026-07-17,gfs_seamless,5,2.2,74.5,9.9,27.4
concepcion,2026-07-17,gfs_seamless,6,17.5,71.6,9.9,27.4
concepcion,2026-07-17,gfs_seamless,7,20.8,84.6,9.9,27.4
concepcion,2026-07-17,icon_seamless,1,2.2,23.8,9.9,27.4
concepcion,2026-07-17,icon_seamless,2,5.8,16.9,9.9,27.4
concepcion,2026-07-17,icon_seamless,3,4.3,34.9,9.9,27.4
concepcion,2026-07-17,icon_seamless,4,11.100000000000001,62.6,9.9,27.4
concepcion,2026-07-17,icon_seamless,5,30.4,73.1,9.9,27.4
concepcion,2026-07-17,icon_seamless,6,24.6,78.5,9.9,27.4
concepcion,2026-07-18,best_match,1,11.8,45.4,19.3,43.2
concepcion,2026-07-18,best_match,2,20.5,16.6,19.3,43.2
concepcion,2026-07-18,best_match,3,14.8,40.7,19.3,43.2
concepcion,2026-07-18,best_match,4,2.5,33.8,19.3,43.2
concepcion,2026-07-18,best_match,5,0.0,32.0,19.3,43.2
concepcion,2026-07-18,best_match,6,12.600000000000001,31.7,19.3,43.2
concepcion,2026-07-18,best_match,7,22.0,45.7,19.3,43.2
concepcion,2026-07-18,ecmwf_ifs025,1,12.9,,19.3,43.2
concepcion,2026-07-18,ecmwf_ifs025,2,12.3,,19.3,43.2
concepcion,2026-07-18,ecmwf_ifs025,3,12.600000000000001,,19.3,43.2
concepcion,2026-07-18,ecmwf_ifs025,4,5.699999999999999,,19.3,43.2
concepcion,2026-07-18,ecmwf_ifs025,5,0.6000000000000001,,19.3,43.2
concepcion,2026-07-18,ecmwf_ifs025,6,11.7,,19.3,43.2
concepcion,2026-07-18,ecmwf_ifs025,7,24.0,,19.3,43.2
concepcion,2026-07-18,gfs_seamless,1,19.9,34.6,19.3,43.2
concepcion,2026-07-18,gfs_seamless,2,17.6,45.0,19.3,43.2
concepcion,2026-07-18,gfs_seamless,3,10.8,34.9,19.3,43.2
concepcion,2026-07-18,gfs_seamless,4,6.5,33.8,19.3,43.2
concepcion,2026-07-18,gfs_seamless,5,3.9000000000000004,33.5,19.3,43.2
concepcion,2026-07-18,gfs_seamless,6,11.7,36.0,19.3,43.2
concepcion,2026-07-18,gfs_seamless,7,2.6000000000000005,45.7,19.3,43.2
concepcion,2026-07-18,icon_seamless,1,10.3,45.4,19.3,43.2
concepcion,2026-07-18,icon_seamless,2,10.299999999999999,16.6,19.3,43.2
concepcion,2026-07-18,icon_seamless,3,8.8,40.7,19.3,43.2
concepcion,2026-07-18,icon_seamless,4,6.4,33.8,19.3,43.2
concepcion,2026-07-18,icon_seamless,5,1.8,32.0,19.3,43.2
concepcion,2026-07-18,icon_seamless,6,7.199999999999999,31.7,19.3,43.2
curico,2026-07-04,best_match,1,6.800000000000001,11.5,2.7,18.4
curico,2026-07-04,best_match,2,10.4,15.5,2.7,18.4
curico,2026-07-04,best_match,3,19.700000000000003,13.0,2.7,18.4
curico,2026-07-04,best_match,4,14.299999999999999,12.6,2.7,18.4
curico,2026-07-04,best_match,5,4.1000000000000005,24.8,2.7,18.4
curico,2026-07-04,best_match,6,16.400000000000002,15.5,2.7,18.4
curico,2026-07-04,best_match,7,6.3999999999999995,9.4,2.7,18.4
curico,2026-07-04,ecmwf_ifs025,1,5.699999999999999,,2.7,18.4
curico,2026-07-04,ecmwf_ifs025,2,10.2,,2.7,18.4
curico,2026-07-04,ecmwf_ifs025,3,15.0,,2.7,18.4
curico,2026-07-04,ecmwf_ifs025,4,12.6,,2.7,18.4
curico,2026-07-04,ecmwf_ifs025,5,1.2000000000000002,,2.7,18.4
curico,2026-07-04,ecmwf_ifs025,6,20.7,,2.7,18.4
curico,2026-07-04,ecmwf_ifs025,7,7.500000000000001,,2.7,18.4
curico,2026-07-04,gfs_seamless,1,1.8,17.6,2.7,18.4
curico,2026-07-04,gfs_seamless,2,0.5,40.7,2.7,18.4
curico,2026-07-04,gfs_seamless,3,2.8,18.7,2.7,18.4
curico,2026-07-04,gfs_seamless,4,3.4000000000000004,38.2,2.7,18.4
curico,2026-07-04,gfs_seamless,5,7.800000000000001,38.9,2.7,18.4
curico,2026-07-04,gfs_seamless,6,0.0,12.2,2.7,18.4
curico,2026-07-04,gfs_seamless,7,0.0,9.4,2.7,18.4
curico,2026-07-04,icon_seamless,1,1.6,11.5,2.7,18.4
curico,2026-07-04,icon_seamless,2,2.4,15.5,2.7,18.4
curico,2026-07-04,icon_seamless,3,4.6,13.0,2.7,18.4
curico,2026-07-04,icon_seamless,4,3.5999999999999996,12.6,2.7,18.4
curico,2026-07-04,icon_seamless,5,6.4,24.8,2.7,18.4
curico,2026-07-04,icon_seamless,6,0.1,15.5,2.7,18.4
curico,2026-07-05,best_match,1,1.2000000000000002,22.7,0.0,19.4
curico,2026-07-05,best_match,2,2.9,21.6,0.0,19.4
curico,2026-07-05,best_match,3,11.7,22.0,0.0,19.4
curico,2026-07-05,best_match,4,0.1,23.4,0.0,19.4
curico,2026-07-05,best_match,5,0.2,19.8,0.0,19.4
curico,2026-07-05,best_match,6,6.0,20.9,0.0,19.4
curico,2026-07-05,best_match,7,0.0,30.6,0.0,19.4
curico,2026-07-05,ecmwf_ifs025,1,1.7999999999999998,,0.0,19.4
curico,2026-07-05,ecmwf_ifs025,2,0.6000000000000001,,0.0,19.4
curico,2026-07-05,ecmwf_ifs025,3,8.700000000000001,,0.0,19.4
curico,2026-07-05,ecmwf_ifs025,4,0.30000000000000004,,0.0,19.4
curico,2026-07-05,ecmwf_ifs025,5,0.6000000000000001,,0.0,19.4
curico,2026-07-05,ecmwf_ifs025,6,5.1000000000000005,,0.0,19.4
curico,2026-07-05,ecmwf_ifs025,7,0.0,,0.0,19.4
curico,2026-07-05,gfs_seamless,1,0.6000000000000001,23.8,0.0,19.4
curico,2026-07-05,gfs_seamless,2,5.2,22.3,0.0,19.4
curico,2026-07-05,gfs_seamless,3,0.0,20.9,0.0,19.4
curico,2026-07-05,gfs_seamless,4,0.0,21.6,0.0,19.4
curico,2026-07-05,gfs_seamless,5,0.0,23.4,0.0,19.4
curico,2026-07-05,gfs_seamless,6,0.0,24.8,0.0,19.4
curico,2026-07-05,gfs_seamless,7,0.0,30.6,0.0,19.4
curico,2026-07-05,icon_seamless,1,0.0,22.7,0.0,19.4
curico,2026-07-05,icon_seamless,2,1.6,21.6,0.0,19.4
curico,2026-07-05,icon_seamless,3,0.30000000000000004,22.0,0.0,19.4
curico,2026-07-05,icon_seamless,4,0.0,23.4,0.0,19.4
curico,2026-07-05,icon_seamless,5,0.0,19.8,0.0,19.4
curico,2026-07-05,icon_seamless,6,0.0,20.9,0.0,19.4
curico,2026-07-06,best_match,1,0.0,16.9,0.0,12.6
curico,2026-07-06,best_match,2,0.0,15.8,0.0,12.6
curico,2026-07-06,best_match,3,0.0,15.8,0.0,12.6
curico,2026-07-06,best_match,4,0.0,16.6,0.0,12.6
curico,2026-07-06,best_match,5,0.0,17.6,0.0,12.6
curico,2026-07-06,best_match,6,0.0,11.5,0.0,12.6
curico,2026-07-06,best_match,7,0.0,8.3,0.0,12.6
curico,2026-07-06,ecmwf_ifs025,1,0.0,,0.0,12.6
curico,2026-07-06,ecmwf_ifs025,2,0.0,,0.0,12.6
curico,2026-07-06,ecmwf_ifs025,3,0.0,,0.0,12.6
curico,2026-07-06,ecmwf_ifs025,4,0.0,,0.0,12.6
curico,2026-07-06,ecmwf_ifs025,5,0.0,,0.0,12.6
curico,2026-07-06,ecmwf_ifs025,6,0.0,,0.0,12.6
curico,2026-07-06,ecmwf_ifs025,7,0.0,,0.0,12.6
curico,2026-07-06,gfs_seamless,1,0.0,11.5,0.0,12.6
curico,2026-07-06,gfs_seamless,2,0.0,16.9,0.0,12.6
curico,2026-07-06,gfs_seamless,3,0.0,10.1,0.0,12.6
curico,2026-07-06,gfs_seamless,4,0.0,13.0,0.0,12.6
curico,2026-07-06,gfs_seamless,5,0.0,7.6,0.0,12.6
curico,2026-07-06,gfs_seamless,6,0.0,7.6,0.0,12.6
curico,2026-07-06,gfs_seamless,7,0.0,8.3,0.0,12.6
curico,2026-07-06,icon_seamless,1,0.0,16.9,0.0,12.6
curico,2026-07-06,icon_seamless,2,0.0,15.8,0.0,12.6
curico,2026-07-06,icon_seamless,3,0.0,15.8,0.0,12.6
curico,2026-07-06,icon_seamless,4,0.0,16.6,0.0,12.6
curico,2026-07-06,icon_seamless,5,0.0,17.6,0.0,12.6
curico,2026-07-06,icon_seamless,6,0.0,11.5,0.0,12.6
curico,2026-07-07,best_match,1,0.0,15.8,0.0,15.1
curico,2026-07-07,best_match,2,0.0,16.2,0.0,15.1
curico,2026-07-07,best_match,3,0.0,16.9,0.0,15.1
curico,2026-07-07,best_match,4,0.0,15.1,0.0,15.1
curico,2026-07-07,best_match,5,0.0,10.8,0.0,15.1
curico,2026-07-07,best_match,6,1.3,18.4,0.0,15.1
curico,2026-07-07,best_match,7,0.0,13.0,0.0,15.1
curico,2026-07-07,ecmwf_ifs025,1,0.0,,0.0,15.1
curico,2026-07-07,ecmwf_ifs025,2,0.0,,0.0,15.1
curico,2026-07-07,ecmwf_ifs025,3,0.0,,0.0,15.1
curico,2026-07-07,ecmwf_ifs025,4,0.0,,0.0,15.1
curico,2026-07-07,ecmwf_ifs025,5,0.0,,0.0,15.1
curico,2026-07-07,ecmwf_ifs025,6,2.1,,0.0,15.1
curico,2026-07-07,ecmwf_ifs025,7,0.0,,0.0,15.1
curico,2026-07-07,gfs_seamless,1,0.0,13.0,0.0,15.1
curico,2026-07-07,gfs_seamless,2,0.0,9.7,0.0,15.1
curico,2026-07-07,gfs_seamless,3,0.0,7.2,0.0,15.1
curico,2026-07-07,gfs_seamless,4,0.0,10.4,0.0,15.1
curico,2026-07-07,gfs_seamless,5,0.0,6.8,0.0,15.1
curico,2026-07-07,gfs_seamless,6,0.0,5.4,0.0,15.1
curico,2026-07-07,gfs_seamless,7,0.0,13.0,0.0,15.1
curico,2026-07-07,icon_seamless,1,0.0,15.8,0.0,15.1
curico,2026-07-07,icon_seamless,2,0.0,16.2,0.0,15.1
curico,2026-07-07,icon_seamless,3,0.0,16.9,0.0,15.1
curico,2026-07-07,icon_seamless,4,0.0,15.1,0.0,15.1
curico,2026-07-07,icon_seamless,5,0.0,10.8,0.0,15.1
curico,2026-07-07,icon_seamless,6,0.0,18.4,0.0,15.1
curico,2026-07-08,best_match,1,0.7000000000000001,16.9,20.5,19.1
curico,2026-07-08,best_match,2,2.1,15.5,20.5,19.1
curico,2026-07-08,best_match,3,0.0,16.2,20.5,19.1
curico,2026-07-08,best_match,4,0.4,22.7,20.5,19.1
curico,2026-07-08,best_match,5,0.9,12.6,20.5,19.1
curico,2026-07-08,best_match,6,0.5,25.2,20.5,19.1
curico,2026-07-08,best_match,7,55.0,11.2,20.5,19.1
curico,2026-07-08,ecmwf_ifs025,1,1.5,,20.5,19.1
curico,2026-07-08,ecmwf_ifs025,2,3.0,,20.5,19.1
curico,2026-07-08,ecmwf_ifs025,3,0.0,,20.5,19.1
curico,2026-07-08,ecmwf_ifs025,4,0.0,,20.5,19.1
curico,2026-07-08,ecmwf_ifs025,5,1.5,,20.5,19.1
curico,2026-07-08,ecmwf_ifs025,6,0.6000000000000001,,20.5,19.1
curico,2026-07-08,ecmwf_ifs025,7,58.8,,20.5,19.1
curico,2026-07-08,gfs_seamless,1,3.2,21.6,20.5,19.1
curico,2026-07-08,gfs_seamless,2,0.1,11.5,20.5,19.1
curico,2026-07-08,gfs_seamless,3,0.0,10.4,20.5,19.1
curico,2026-07-08,gfs_seamless,4,7.2,17.3,20.5,19.1
curico,2026-07-08,gfs_seamless,5,0.9,10.1,20.5,19.1
curico,2026-07-08,gfs_seamless,6,0.7,7.6,20.5,19.1
curico,2026-07-08,gfs_seamless,7,0.0,11.2,20.5,19.1
curico,2026-07-08,icon_seamless,1,0.2,16.9,20.5,19.1
curico,2026-07-08,icon_seamless,2,1.8000000000000003,15.5,20.5,19.1
curico,2026-07-08,icon_seamless,3,0.8,16.2,20.5,19.1
curico,2026-07-08,icon_seamless,4,0.0,22.7,20.5,19.1
curico,2026-07-08,icon_seamless,5,0.0,12.6,20.5,19.1
curico,2026-07-08,icon_seamless,6,23.0,25.2,20.5,19.1
curico,2026-07-09,best_match,1,1.9000000000000001,14.4,4.7,13.0
curico,2026-07-09,best_match,2,0.0,13.3,4.7,13.0
curico,2026-07-09,best_match,3,1.1,13.3,4.7,13.0
curico,2026-07-09,best_match,4,6.4,11.2,4.7,13.0
curico,2026-07-09,best_match,5,9.399999999999999,19.4,4.7,13.0
curico,2026-07-09,best_match,6,22.0,20.2,4.7,13.0
curico,2026-07-09,best_match,7,3.0999999999999996,19.4,4.7,13.0
curico,2026-07-09,ecmwf_ifs025,1,2.0999999999999996,,4.7,13.0
curico,2026-07-09,ecmwf_ifs025,2,0.30000000000000004,,4.7,13.0
curico,2026-07-09,ecmwf_ifs025,3,1.2000000000000002,,4.7,13.0
curico,2026-07-09,ecmwf_ifs025,4,3.5999999999999996,,4.7,13.0
curico,2026-07-09,ecmwf_ifs025,5,4.8,,4.7,13.0
curico,2026-07-09,ecmwf_ifs025,6,21.6,,4.7,13.0
curico,2026-07-09,ecmwf_ifs025,7,2.1,,4.7,13.0
curico,2026-07-09,gfs_seamless,1,0.0,12.6,4.7,13.0
curico,2026-07-09,gfs_seamless,2,0.0,19.1,4.7,13.0
curico,2026-07-09,gfs_seamless,3,0.0,14.4,4.7,13.0
curico,2026-07-09,gfs_seamless,4,0.6,7.2,4.7,13.0
curico,2026-07-09,gfs_seamless,5,0.0,19.4,4.7,13.0
curico,2026-07-09,gfs_seamless,6,0.2,20.2,4.7,13.0
curico,2026-07-09,gfs_seamless,7,8.100000000000001,19.4,4.7,13.0
curico,2026-07-09,icon_seamless,1,0.2,14.4,4.7,13.0
curico,2026-07-09,icon_seamless,2,2.1,13.3,4.7,13.0
curico,2026-07-09,icon_seamless,3,0.7999999999999999,13.3,4.7,13.0
curico,2026-07-09,icon_seamless,4,2.0999999999999996,11.2,4.7,13.0
curico,2026-07-09,icon_seamless,5,22.599999999999998,19.4,4.7,13.0
curico,2026-07-09,icon_seamless,6,0.5,20.2,4.7,13.0
curico,2026-07-10,best_match,1,12.6,20.2,26.6,29.9
curico,2026-07-10,best_match,2,25.800000000000004,16.2,26.6,29.9
curico,2026-07-10,best_match,3,13.3,15.8,26.6,29.9
curico,2026-07-10,best_match,4,12.3,14.0,26.6,29.9
curico,2026-07-10,best_match,5,4.9,15.1,26.6,29.9
curico,2026-07-10,best_match,6,26.9,14.4,26.6,29.9
curico,2026-07-10,best_match,7,0.0,67.7,26.6,29.9
curico,2026-07-10,ecmwf_ifs025,1,15.6,,26.6,29.9
curico,2026-07-10,ecmwf_ifs025,2,31.2,,26.6,29.9
curico,2026-07-10,ecmwf_ifs025,3,13.5,,26.6,29.9
curico,2026-07-10,ecmwf_ifs025,4,9.900000000000002,,26.6,29.9
curico,2026-07-10,ecmwf_ifs025,5,6.3,,26.6,29.9
curico,2026-07-10,ecmwf_ifs025,6,20.1,,26.6,29.9
curico,2026-07-10,ecmwf_ifs025,7,0.0,,26.6,29.9
curico,2026-07-10,gfs_seamless,1,3.8,17.6,26.6,29.9
curico,2026-07-10,gfs_seamless,2,6.199999999999999,22.3,26.6,29.9
curico,2026-07-10,gfs_seamless,3,1.7000000000000002,15.5,26.6,29.9
curico,2026-07-10,gfs_seamless,4,13.399999999999999,24.8,26.6,29.9
curico,2026-07-10,gfs_seamless,5,1.3,9.7,26.6,29.9
curico,2026-07-10,gfs_seamless,6,0.0,10.8,26.6,29.9
curico,2026-07-10,gfs_seamless,7,2.6999999999999997,67.7,26.6,29.9
curico,2026-07-10,icon_seamless,1,12.6,20.2,26.6,29.9
curico,2026-07-10,icon_seamless,2,11.899999999999999,16.2,26.6,29.9
curico,2026-07-10,icon_seamless,3,9.5,15.8,26.6,29.9
curico,2026-07-10,icon_seamless,4,8.3,14.0,26.6,29.9
curico,2026-07-10,icon_seamless,5,4.2,15.1,26.6,29.9
curico,2026-07-10,icon_seamless,6,2.1,14.4,26.6,29.9
curico,2026-07-11,best_match,1,0.0,23.4,0.0,20.2
curico,2026-07-11,best_match,2,0.0,20.9,0.0,20.2
curico,2026-07-11,best_match,3,0.0,22.0,0.0,20.2
curico,2026-07-11,best_match,4,0.0,15.8,0.0,20.2
curico,2026-07-11,best_match,5,2.9000000000000004,19.1,0.0,20.2
curico,2026-07-11,best_match,6,0.0,22.7,0.0,20.2
curico,2026-07-11,best_match,7,0.0,6.8,0.0,20.2
curico,2026-07-11,ecmwf_ifs025,1,0.0,,0.0,20.2
curico,2026-07-11,ecmwf_ifs025,2,0.0,,0.0,20.2
curico,2026-07-11,ecmwf_ifs025,3,0.0,,0.0,20.2
curico,2026-07-11,ecmwf_ifs025,4,0.0,,0.0,20.2
curico,2026-07-11,ecmwf_ifs025,5,4.5,,0.0,20.2
curico,2026-07-11,ecmwf_ifs025,6,0.0,,0.0,20.2
curico,2026-07-11,ecmwf_ifs025,7,0.0,,0.0,20.2
curico,2026-07-11,gfs_seamless,1,0.0,16.6,0.0,20.2
curico,2026-07-11,gfs_seamless,2,0.0,25.2,0.0,20.2
curico,2026-07-11,gfs_seamless,3,1.6,33.8,0.0,20.2
curico,2026-07-11,gfs_seamless,4,0.0,30.2,0.0,20.2
curico,2026-07-11,gfs_seamless,5,0.0,23.4,0.0,20.2
curico,2026-07-11,gfs_seamless,6,1.2000000000000002,23.8,0.0,20.2
curico,2026-07-11,gfs_seamless,7,0.1,6.8,0.0,20.2
curico,2026-07-11,icon_seamless,1,0.0,23.4,0.0,20.2
curico,2026-07-11,icon_seamless,2,0.0,20.9,0.0,20.2
curico,2026-07-11,icon_seamless,3,0.0,22.0,0.0,20.2
curico,2026-07-11,icon_seamless,4,5.300000000000001,15.8,0.0,20.2
curico,2026-07-11,icon_seamless,5,0.0,19.1,0.0,20.2
curico,2026-07-11,icon_seamless,6,2.8,22.7,0.0,20.2
curico,2026-07-12,best_match,1,0.0,16.2,0.0,13.0
curico,2026-07-12,best_match,2,0.0,17.6,0.0,13.0
curico,2026-07-12,best_match,3,0.0,16.2,0.0,13.0
curico,2026-07-12,best_match,4,0.0,16.6,0.0,13.0
curico,2026-07-12,best_match,5,0.0,12.2,0.0,13.0
curico,2026-07-12,best_match,6,0.0,15.5,0.0,13.0
curico,2026-07-12,best_match,7,0.0,29.2,0.0,13.0
curico,2026-07-12,ecmwf_ifs025,1,0.0,,0.0,13.0
curico,2026-07-12,ecmwf_ifs025,2,0.0,,0.0,13.0
curico,2026-07-12,ecmwf_ifs025,3,0.0,,0.0,13.0
curico,2026-07-12,ecmwf_ifs025,4,0.0,,0.0,13.0
curico,2026-07-12,ecmwf_ifs025,5,0.0,,0.0,13.0
curico,2026-07-12,ecmwf_ifs025,6,0.0,,0.0,13.0
curico,2026-07-12,ecmwf_ifs025,7,0.0,,0.0,13.0
curico,2026-07-12,gfs_seamless,1,0.0,7.9,0.0,13.0
curico,2026-07-12,gfs_seamless,2,0.0,9.0,0.0,13.0
curico,2026-07-12,gfs_seamless,3,0.0,11.9,0.0,13.0
curico,2026-07-12,gfs_seamless,4,0.0,31.0,0.0,13.0
curico,2026-07-12,gfs_seamless,5,0.0,26.3,0.0,13.0
curico,2026-07-12,gfs_seamless,6,0.0,24.5,0.0,13.0
curico,2026-07-12,gfs_seamless,7,0.0,29.2,0.0,13.0
curico,2026-07-12,icon_seamless,1,0.0,16.2,0.0,13.0
curico,2026-07-12,icon_seamless,2,0.0,17.6,0.0,13.0
curico,2026-07-12,icon_seamless,3,0.0,16.2,0.0,13.0
curico,2026-07-12,icon_seamless,4,0.0,16.6,0.0,13.0
curico,2026-07-12,icon_seamless,5,0.0,12.2,0.0,13.0
curico,2026-07-12,icon_seamless,6,0.0,15.5,0.0,13.0
curico,2026-07-13,best_match,1,0.0,11.5,0.0,15.5
curico,2026-07-13,best_match,2,0.0,10.4,0.0,15.5
curico,2026-07-13,best_match,3,0.0,12.6,0.0,15.5
curico,2026-07-13,best_match,4,0.0,10.4,0.0,15.5
curico,2026-07-13,best_match,5,0.0,14.0,0.0,15.5
curico,2026-07-13,best_match,6,6.199999999999999,19.1,0.0,15.5
curico,2026-07-13,best_match,7,7.2,7.6,0.0,15.5
curico,2026-07-13,ecmwf_ifs025,1,0.0,,0.0,15.5
curico,2026-07-13,ecmwf_ifs025,2,0.0,,0.0,15.5
curico,2026-07-13,ecmwf_ifs025,3,0.0,,0.0,15.5
curico,2026-07-13,ecmwf_ifs025,4,0.0,,0.0,15.5
curico,2026-07-13,ecmwf_ifs025,5,0.0,,0.0,15.5
curico,2026-07-13,ecmwf_ifs025,6,5.1,,0.0,15.5
curico,2026-07-13,ecmwf_ifs025,7,10.5,,0.0,15.5
curico,2026-07-13,gfs_seamless,1,0.0,6.5,0.0,15.5
curico,2026-07-13,gfs_seamless,2,0.0,5.4,0.0,15.5
curico,2026-07-13,gfs_seamless,3,0.0,6.8,0.0,15.5
curico,2026-07-13,gfs_seamless,4,0.0,5.0,0.0,15.5
curico,2026-07-13,gfs_seamless,5,0.0,9.7,0.0,15.5
curico,2026-07-13,gfs_seamless,6,0.0,22.7,0.0,15.5
curico,2026-07-13,gfs_seamless,7,0.0,7.6,0.0,15.5
curico,2026-07-13,icon_seamless,1,0.0,11.5,0.0,15.5
curico,2026-07-13,icon_seamless,2,0.0,10.4,0.0,15.5
curico,2026-07-13,icon_seamless,3,0.0,12.6,0.0,15.5
curico,2026-07-13,icon_seamless,4,1.6,10.4,0.0,15.5
curico,2026-07-13,icon_seamless,5,3.1,14.0,0.0,15.5
curico,2026-07-13,icon_seamless,6,27.3,19.1,0.0,15.5
curico,2026-07-14,best_match,1,0.7000000000000001,23.8,6.2,30.2
curico,2026-07-14,best_match,2,0.0,25.6,6.2,30.2
curico,2026-07-14,best_match,3,0.0,20.5,6.2,30.2
curico,2026-07-14,best_match,4,0.0,25.2,6.2,30.2
curico,2026-07-14,best_match,5,6.5,18.7,6.2,30.2
curico,2026-07-14,best_match,6,30.5,14.4,6.2,30.2
curico,2026-07-14,best_match,7,6.0,19.1,6.2,30.2
curico,2026-07-14,ecmwf_ifs025,1,0.6000000000000001,,6.2,30.2
curico,2026-07-14,ecmwf_ifs025,2,0.0,,6.2,30.2
curico,2026-07-14,ecmwf_ifs025,3,0.0,,6.2,30.2
curico,2026-07-14,ecmwf_ifs025,4,0.0,,6.2,30.2
curico,2026-07-14,ecmwf_ifs025,5,11.7,,6.2,30.2
curico,2026-07-14,ecmwf_ifs025,6,38.7,,6.2,30.2
curico,2026-07-14,ecmwf_ifs025,7,5.1,,6.2,30.2
curico,2026-07-14,gfs_seamless,1,0.1,19.4,6.2,30.2
curico,2026-07-14,gfs_seamless,2,0.0,24.8,6.2,30.2
curico,2026-07-14,gfs_seamless,3,0.0,10.4,6.2,30.2
curico,2026-07-14,gfs_seamless,4,0.0,9.4,6.2,30.2
curico,2026-07-14,gfs_seamless,5,0.8,7.6,6.2,30.2
curico,2026-07-14,gfs_seamless,6,0.0,8.6,6.2,30.2
curico,2026-07-14,gfs_seamless,7,4.2,19.1,6.2,30.2
curico,2026-07-14,icon_seamless,1,1.1,23.8,6.2,30.2
curico,2026-07-14,icon_seamless,2,0.2,25.6,6.2,30.2
curico,2026-07-14,icon_seamless,3,0.0,20.5,6.2,30.2
curico,2026-07-14,icon_seamless,4,27.1,25.2,6.2,30.2
curico,2026-07-14,icon_seamless,5,2.9000000000000004,18.7,6.2,30.2
curico,2026-07-14,icon_seamless,6,30.199999999999996,14.4,6.2,30.2
curico,2026-07-15,best_match,1,0.30000000000000004,22.0,1.7,29.9
curico,2026-07-15,best_match,2,0.2,23.8,1.7,29.9
curico,2026-07-15,best_match,3,4.1,23.0,1.7,29.9
curico,2026-07-15,best_match,4,3.5999999999999996,22.7,1.7,29.9
curico,2026-07-15,best_match,5,17.799999999999997,29.5,1.7,29.9
curico,2026-07-15,best_match,6,37.099999999999994,23.8,1.7,29.9
curico,2026-07-15,best_match,7,6.699999999999999,39.2,1.7,29.9
curico,2026-07-15,ecmwf_ifs025,1,0.6000000000000001,,1.7,29.9
curico,2026-07-15,ecmwf_ifs025,2,0.6,,1.7,29.9
curico,2026-07-15,ecmwf_ifs025,3,4.2,,1.7,29.9
curico,2026-07-15,ecmwf_ifs025,4,4.199999999999999,,1.7,29.9
curico,2026-07-15,ecmwf_ifs025,5,12.9,,1.7,29.9
curico,2026-07-15,ecmwf_ifs025,6,33.0,,1.7,29.9
curico,2026-07-15,ecmwf_ifs025,7,10.8,,1.7,29.9
curico,2026-07-15,gfs_seamless,1,0.4,26.3,1.7,29.9
curico,2026-07-15,gfs_seamless,2,5.300000000000001,45.0,1.7,29.9
curico,2026-07-15,gfs_seamless,3,3.1,16.9,1.7,29.9
curico,2026-07-15,gfs_seamless,4,0.2,21.6,1.7,29.9
curico,2026-07-15,gfs_seamless,5,0.5,24.1,1.7,29.9
curico,2026-07-15,gfs_seamless,6,2.2,46.8,1.7,29.9
curico,2026-07-15,gfs_seamless,7,1.1,39.2,1.7,29.9
curico,2026-07-15,icon_seamless,1,18.0,22.0,1.7,29.9
curico,2026-07-15,icon_seamless,2,34.5,23.8,1.7,29.9
curico,2026-07-15,icon_seamless,3,15.6,23.0,1.7,29.9
curico,2026-07-15,icon_seamless,4,26.199999999999996,22.7,1.7,29.9
curico,2026-07-15,icon_seamless,5,52.7,29.5,1.7,29.9
curico,2026-07-15,icon_seamless,6,14.600000000000001,23.8,1.7,29.9
curico,2026-07-16,best_match,1,50.800000000000004,57.6,42.9,51.8
curico,2026-07-16,best_match,2,36.2,69.1,42.9,51.8
curico,2026-07-16,best_match,3,29.200000000000003,66.2,42.9,51.8
curico,2026-07-16,best_match,4,59.2,88.2,42.9,51.8
curico,2026-07-16,best_match,5,46.6,24.8,42.9,51.8
curico,2026-07-16,best_match,6,47.7,77.8,42.9,51.8
curico,2026-07-16,best_match,7,29.599999999999998,50.8,42.9,51.8
curico,2026-07-16,ecmwf_ifs025,1,48.3,,42.9,51.8
curico,2026-07-16,ecmwf_ifs025,2,35.7,,42.9,51.8
curico,2026-07-16,ecmwf_ifs025,3,30.9,,42.9,51.8
curico,2026-07-16,ecmwf_ifs025,4,66.0,,42.9,51.8
curico,2026-07-16,ecmwf_ifs025,5,55.8,,42.9,51.8
curico,2026-07-16,ecmwf_ifs025,6,44.7,,42.9,51.8
curico,2026-07-16,ecmwf_ifs025,7,29.099999999999998,,42.9,51.8
curico,2026-07-16,gfs_seamless,1,47.400000000000006,91.4,42.9,51.8
curico,2026-07-16,gfs_seamless,2,32.7,86.8,42.9,51.8
curico,2026-07-16,gfs_seamless,3,16.3,81.4,42.9,51.8
curico,2026-07-16,gfs_seamless,4,37.0,70.6,42.9,51.8
curico,2026-07-16,gfs_seamless,5,5.3,59.4,42.9,51.8
curico,2026-07-16,gfs_seamless,6,0.30000000000000004,64.1,42.9,51.8
curico,2026-07-16,gfs_seamless,7,0.8999999999999999,50.8,42.9,51.8
curico,2026-07-16,icon_seamless,1,72.4,57.6,42.9,51.8
curico,2026-07-16,icon_seamless,2,42.7,69.1,42.9,51.8
curico,2026-07-16,icon_seamless,3,36.3,66.2,42.9,51.8
curico,2026-07-16,icon_seamless,4,54.8,88.2,42.9,51.8
curico,2026-07-16,icon_seamless,5,35.7,24.8,42.9,51.8
curico,2026-07-16,icon_seamless,6,34.7,77.8,42.9,51.8
curico,2026-07-17,best_match,1,66.6,66.6,72.0,50.8
curico,2026-07-17,best_match,2,58.1,67.0,72.0,50.8
curico,2026-07-17,best_match,3,87.1,36.4,72.0,50.8
curico,2026-07-17,best_match,4,60.699999999999996,84.2,72.0,50.8
curico,2026-07-17,best_match,5,64.1,44.3,72.0,50.8
curico,2026-07-17,best_match,6,29.300000000000004,84.2,72.0,50.8
curico,2026-07-17,best_match,7,29.7,79.2,72.0,50.8
curico,2026-07-17,ecmwf_ifs025,1,83.7,,72.0,50.8
curico,2026-07-17,ecmwf_ifs025,2,66.9,,72.0,50.8
curico,2026-07-17,ecmwf_ifs025,3,90.30000000000001,,72.0,50.8
curico,2026-07-17,ecmwf_ifs025,4,59.7,,72.0,50.8
curico,2026-07-17,ecmwf_ifs025,5,64.8,,72.0,50.8
curico,2026-07-17,ecmwf_ifs025,6,27.3,,72.0,50.8
curico,2026-07-17,ecmwf_ifs025,7,25.5,,72.0,50.8
curico,2026-07-17,gfs_seamless,1,71.2,52.2,72.0,50.8
curico,2026-07-17,gfs_seamless,2,63.5,57.6,72.0,50.8
curico,2026-07-17,gfs_seamless,3,83.6,55.4,72.0,50.8
curico,2026-07-17,gfs_seamless,4,76.6,46.1,72.0,50.8
curico,2026-07-17,gfs_seamless,5,32.400000000000006,52.2,72.0,50.8
curico,2026-07-17,gfs_seamless,6,19.0,62.3,72.0,50.8
curico,2026-07-17,gfs_seamless,7,27.7,79.2,72.0,50.8
curico,2026-07-17,icon_seamless,1,64.9,66.6,72.0,50.8
curico,2026-07-17,icon_seamless,2,60.1,67.0,72.0,50.8
curico,2026-07-17,icon_seamless,3,16.2,36.4,72.0,50.8
curico,2026-07-17,icon_seamless,4,26.3,84.2,72.0,50.8
curico,2026-07-17,icon_seamless,5,70.69999999999999,44.3,72.0,50.8
curico,2026-07-17,icon_seamless,6,24.799999999999997,84.2,72.0,50.8
curico,2026-07-18,best_match,1,27.200000000000003,53.6,33.1,46.8
curico,2026-07-18,best_match,2,24.1,60.5,33.1,46.8
curico,2026-07-18,best_match,3,45.300000000000004,52.9,33.1,46.8
curico,2026-07-18,best_match,4,20.4,82.1,33.1,46.8
curico,2026-07-18,best_match,5,33.900000000000006,18.4,33.1,46.8
curico,2026-07-18,best_match,6,36.9,70.9,33.1,46.8
curico,2026-07-18,best_match,7,39.099999999999994,51.8,33.1,46.8
curico,2026-07-18,ecmwf_ifs025,1,22.8,,33.1,46.8
curico,2026-07-18,ecmwf_ifs025,2,27.300000000000004,,33.1,46.8
curico,2026-07-18,ecmwf_ifs025,3,29.7,,33.1,46.8
curico,2026-07-18,ecmwf_ifs025,4,17.1,,33.1,46.8
curico,2026-07-18,ecmwf_ifs025,5,33.6,,33.1,46.8
curico,2026-07-18,ecmwf_ifs025,6,32.1,,33.1,46.8
curico,2026-07-18,ecmwf_ifs025,7,38.7,,33.1,46.8
curico,2026-07-18,gfs_seamless,1,20.200000000000003,51.8,33.1,46.8
curico,2026-07-18,gfs_seamless,2,25.5,56.9,33.1,46.8
curico,2026-07-18,gfs_seamless,3,28.700000000000003,49.7,33.1,46.8
curico,2026-07-18,gfs_seamless,4,10.2,30.2,33.1,46.8
curico,2026-07-18,gfs_seamless,5,17.700000000000003,50.8,33.1,46.8
curico,2026-07-18,gfs_seamless,6,3.8000000000000003,65.5,33.1,46.8
curico,2026-07-18,gfs_seamless,7,9.3,51.8,33.1,46.8
curico,2026-07-18,icon_seamless,1,13.100000000000001,53.6,33.1,46.8
curico,2026-07-18,icon_seamless,2,12.2,60.5,33.1,46.8
curico,2026-07-18,icon_seamless,3,10.4,52.9,33.1,46.8
curico,2026-07-18,icon_seamless,4,36.3,82.1,33.1,46.8
curico,2026-07-18,icon_seamless,5,29.0,18.4,33.1,46.8
curico,2026-07-18,icon_seamless,6,23.200000000000003,70.9,33.1,46.8
la_serena,2026-07-04,best_match,1,0.0,16.9,0.0,26.3
la_serena,2026-07-04,best_match,2,0.0,15.5,0.0,26.3
la_serena,2026-07-04,best_match,3,0.0,16.9,0.0,26.3
la_serena,2026-07-04,best_match,4,0.0,15.8,0.0,26.3
la_serena,2026-07-04,best_match,5,0.0,19.4,0.0,26.3
la_serena,2026-07-04,best_match,6,0.0,20.2,0.0,26.3
la_serena,2026-07-04,best_match,7,0.0,8.6,0.0,26.3
la_serena,2026-07-04,ecmwf_ifs025,1,0.0,,0.0,26.3
la_serena,2026-07-04,ecmwf_ifs025,2,0.0,,0.0,26.3
la_serena,2026-07-04,ecmwf_ifs025,3,0.0,,0.0,26.3
la_serena,2026-07-04,ecmwf_ifs025,4,0.0,,0.0,26.3
la_serena,2026-07-04,ecmwf_ifs025,5,0.0,,0.0,26.3
la_serena,2026-07-04,ecmwf_ifs025,6,0.0,,0.0,26.3
la_serena,2026-07-04,ecmwf_ifs025,7,0.0,,0.0,26.3
la_serena,2026-07-04,gfs_seamless,1,0.0,6.8,0.0,26.3
la_serena,2026-07-04,gfs_seamless,2,0.0,6.1,0.0,26.3
la_serena,2026-07-04,gfs_seamless,3,0.0,7.6,0.0,26.3
la_serena,2026-07-04,gfs_seamless,4,0.0,8.3,0.0,26.3
la_serena,2026-07-04,gfs_seamless,5,0.0,10.1,0.0,26.3
la_serena,2026-07-04,gfs_seamless,6,0.0,7.9,0.0,26.3
la_serena,2026-07-04,gfs_seamless,7,0.0,8.6,0.0,26.3
la_serena,2026-07-04,icon_seamless,1,0.0,16.9,0.0,26.3
la_serena,2026-07-04,icon_seamless,2,0.0,15.5,0.0,26.3
la_serena,2026-07-04,icon_seamless,3,0.0,16.9,0.0,26.3
la_serena,2026-07-04,icon_seamless,4,0.0,15.8,0.0,26.3
la_serena,2026-07-04,icon_seamless,5,0.0,19.4,0.0,26.3
la_serena,2026-07-04,icon_seamless,6,0.0,20.2,0.0,26.3
la_serena,2026-07-05,best_match,1,0.0,15.8,0.0,21.2
la_serena,2026-07-05,best_match,2,0.0,15.8,0.0,21.2
la_serena,2026-07-05,best_match,3,0.0,16.6,0.0,21.2
la_serena,2026-07-05,best_match,4,0.0,16.9,0.0,21.2
la_serena,2026-07-05,best_match,5,0.0,15.5,0.0,21.2
la_serena,2026-07-05,best_match,6,0.0,16.2,0.0,21.2
la_serena,2026-07-05,best_match,7,0.0,7.2,0.0,21.2
la_serena,2026-07-05,ecmwf_ifs025,1,0.0,,0.0,21.2
la_serena,2026-07-05,ecmwf_ifs025,2,0.0,,0.0,21.2
la_serena,2026-07-05,ecmwf_ifs025,3,0.0,,0.0,21.2
la_serena,2026-07-05,ecmwf_ifs025,4,0.0,,0.0,21.2
la_serena,2026-07-05,ecmwf_ifs025,5,0.0,,0.0,21.2
la_serena,2026-07-05,ecmwf_ifs025,6,0.0,,0.0,21.2
la_serena,2026-07-05,ecmwf_ifs025,7,0.0,,0.0,21.2
la_serena,2026-07-05,gfs_seamless,1,0.0,7.2,0.0,21.2
la_serena,2026-07-05,gfs_seamless,2,0.0,5.8,0.0,21.2
la_serena,2026-07-05,gfs_seamless,3,0.0,7.2,0.0,21.2
la_serena,2026-07-05,gfs_seamless,4,0.0,6.5,0.0,21.2
la_serena,2026-07-05,gfs_seamless,5,0.0,5.4,0.0,21.2
la_serena,2026-07-05,gfs_seamless,6,0.0,5.8,0.0,21.2
la_serena,2026-07-05,gfs_seamless,7,0.0,7.2,0.0,21.2
la_serena,2026-07-05,icon_seamless,1,0.0,15.8,0.0,21.2
la_serena,2026-07-05,icon_seamless,2,0.0,15.8,0.0,21.2
la_serena,2026-07-05,icon_seamless,3,0.0,16.6,0.0,21.2
la_serena,2026-07-05,icon_seamless,4,0.0,16.9,0.0,21.2
la_serena,2026-07-05,icon_seamless,5,0.0,15.5,0.0,21.2
la_serena,2026-07-05,icon_seamless,6,0.0,16.2,0.0,21.2
la_serena,2026-07-06,best_match,1,0.0,15.8,0.0,21.2
la_serena,2026-07-06,best_match,2,0.0,17.3,0.0,21.2
la_serena,2026-07-06,best_match,3,0.0,20.5,0.0,21.2
la_serena,2026-07-06,best_match,4,0.0,16.2,0.0,21.2
la_serena,2026-07-06,best_match,5,0.0,19.4,0.0,21.2
la_serena,2026-07-06,best_match,6,0.0,17.6,0.0,21.2
la_serena,2026-07-06,best_match,7,0.0,9.4,0.0,21.2
la_serena,2026-07-06,ecmwf_ifs025,1,0.0,,0.0,21.2
la_serena,2026-07-06,ecmwf_ifs025,2,0.0,,0.0,21.2
la_serena,2026-07-06,ecmwf_ifs025,3,0.0,,0.0,21.2
la_serena,2026-07-06,ecmwf_ifs025,4,0.0,,0.0,21.2
la_serena,2026-07-06,ecmwf_ifs025,5,0.0,,0.0,21.2
la_serena,2026-07-06,ecmwf_ifs025,6,0.0,,0.0,21.2
la_serena,2026-07-06,ecmwf_ifs025,7,0.0,,0.0,21.2
la_serena,2026-07-06,gfs_seamless,1,0.0,6.5,0.0,21.2
la_serena,2026-07-06,gfs_seamless,2,0.0,7.6,0.0,21.2
la_serena,2026-07-06,gfs_seamless,3,0.0,9.4,0.0,21.2
la_serena,2026-07-06,gfs_seamless,4,0.0,6.1,0.0,21.2
la_serena,2026-07-06,gfs_seamless,5,0.0,5.4,0.0,21.2
la_serena,2026-07-06,gfs_seamless,6,0.0,5.8,0.0,21.2
la_serena,2026-07-06,gfs_seamless,7,0.0,9.4,0.0,21.2
la_serena,2026-07-06,icon_seamless,1,0.0,15.8,0.0,21.2
la_serena,2026-07-06,icon_seamless,2,0.0,17.3,0.0,21.2
la_serena,2026-07-06,icon_seamless,3,0.0,20.5,0.0,21.2
la_serena,2026-07-06,icon_seamless,4,0.0,16.2,0.0,21.2
la_serena,2026-07-06,icon_seamless,5,0.0,19.4,0.0,21.2
la_serena,2026-07-06,icon_seamless,6,0.0,17.6,0.0,21.2
la_serena,2026-07-07,best_match,1,0.0,17.6,0.0,21.2
la_serena,2026-07-07,best_match,2,0.0,27.4,0.0,21.2
la_serena,2026-07-07,best_match,3,0.0,19.8,0.0,21.2
la_serena,2026-07-07,best_match,4,0.0,19.1,0.0,21.2
la_serena,2026-07-07,best_match,5,0.0,17.3,0.0,21.2
la_serena,2026-07-07,best_match,6,0.0,19.1,0.0,21.2
la_serena,2026-07-07,best_match,7,0.0,8.6,0.0,21.2
la_serena,2026-07-07,ecmwf_ifs025,1,0.0,,0.0,21.2
la_serena,2026-07-07,ecmwf_ifs025,2,0.0,,0.0,21.2
la_serena,2026-07-07,ecmwf_ifs025,3,0.0,,0.0,21.2
la_serena,2026-07-07,ecmwf_ifs025,4,0.0,,0.0,21.2
la_serena,2026-07-07,ecmwf_ifs025,5,0.0,,0.0,21.2
la_serena,2026-07-07,ecmwf_ifs025,6,0.0,,0.0,21.2
la_serena,2026-07-07,ecmwf_ifs025,7,0.0,,0.0,21.2
la_serena,2026-07-07,gfs_seamless,1,0.0,7.6,0.0,21.2
la_serena,2026-07-07,gfs_seamless,2,0.0,8.3,0.0,21.2
la_serena,2026-07-07,gfs_seamless,3,0.0,10.1,0.0,21.2
la_serena,2026-07-07,gfs_seamless,4,0.0,6.8,0.0,21.2
la_serena,2026-07-07,gfs_seamless,5,0.0,8.3,0.0,21.2
la_serena,2026-07-07,gfs_seamless,6,0.0,7.2,0.0,21.2
la_serena,2026-07-07,gfs_seamless,7,0.0,8.6,0.0,21.2
la_serena,2026-07-07,icon_seamless,1,0.0,17.6,0.0,21.2
la_serena,2026-07-07,icon_seamless,2,0.0,27.4,0.0,21.2
la_serena,2026-07-07,icon_seamless,3,0.0,19.8,0.0,21.2
la_serena,2026-07-07,icon_seamless,4,0.0,19.1,0.0,21.2
la_serena,2026-07-07,icon_seamless,5,0.0,17.3,0.0,21.2
la_serena,2026-07-07,icon_seamless,6,0.0,19.1,0.0,21.2
la_serena,2026-07-08,best_match,1,0.0,20.2,0.0,27.0
la_serena,2026-07-08,best_match,2,0.0,23.4,0.0,27.0
la_serena,2026-07-08,best_match,3,0.0,22.7,0.0,27.0
la_serena,2026-07-08,best_match,4,0.0,17.3,0.0,27.0
la_serena,2026-07-08,best_match,5,0.0,24.1,0.0,27.0
la_serena,2026-07-08,best_match,6,0.0,21.6,0.0,27.0
la_serena,2026-07-08,best_match,7,0.0,7.9,0.0,27.0
la_serena,2026-07-08,ecmwf_ifs025,1,0.0,,0.0,27.0
la_serena,2026-07-08,ecmwf_ifs025,2,0.0,,0.0,27.0
la_serena,2026-07-08,ecmwf_ifs025,3,0.0,,0.0,27.0
la_serena,2026-07-08,ecmwf_ifs025,4,0.0,,0.0,27.0
la_serena,2026-07-08,ecmwf_ifs025,5,0.0,,0.0,27.0
la_serena,2026-07-08,ecmwf_ifs025,6,0.0,,0.0,27.0
la_serena,2026-07-08,ecmwf_ifs025,7,0.0,,0.0,27.0
la_serena,2026-07-08,gfs_seamless,1,0.0,8.6,0.0,27.0
la_serena,2026-07-08,gfs_seamless,2,0.0,13.7,0.0,27.0
la_serena,2026-07-08,gfs_seamless,3,0.0,11.5,0.0,27.0
la_serena,2026-07-08,gfs_seamless,4,0.0,11.9,0.0,27.0
la_serena,2026-07-08,gfs_seamless,5,0.0,7.2,0.0,27.0
la_serena,2026-07-08,gfs_seamless,6,0.0,5.8,0.0,27.0
la_serena,2026-07-08,gfs_seamless,7,0.0,7.9,0.0,27.0
la_serena,2026-07-08,icon_seamless,1,0.0,20.2,0.0,27.0
la_serena,2026-07-08,icon_seamless,2,0.0,23.4,0.0,27.0
la_serena,2026-07-08,icon_seamless,3,0.0,22.7,0.0,27.0
la_serena,2026-07-08,icon_seamless,4,0.0,17.3,0.0,27.0
la_serena,2026-07-08,icon_seamless,5,0.0,24.1,0.0,27.0
la_serena,2026-07-08,icon_seamless,6,0.0,21.6,0.0,27.0
la_serena,2026-07-09,best_match,1,0.0,16.6,0.0,28.4
la_serena,2026-07-09,best_match,2,0.0,15.5,0.0,28.4
la_serena,2026-07-09,best_match,3,0.0,17.6,0.0,28.4
la_serena,2026-07-09,best_match,4,0.0,18.7,0.0,28.4
la_serena,2026-07-09,best_match,5,0.0,19.1,0.0,28.4
la_serena,2026-07-09,best_match,6,0.0,15.8,0.0,28.4
la_serena,2026-07-09,best_match,7,0.0,10.1,0.0,28.4
la_serena,2026-07-09,ecmwf_ifs025,1,0.0,,0.0,28.4
la_serena,2026-07-09,ecmwf_ifs025,2,0.0,,0.0,28.4
la_serena,2026-07-09,ecmwf_ifs025,3,0.0,,0.0,28.4
la_serena,2026-07-09,ecmwf_ifs025,4,0.0,,0.0,28.4
la_serena,2026-07-09,ecmwf_ifs025,5,0.0,,0.0,28.4
la_serena,2026-07-09,ecmwf_ifs025,6,0.0,,0.0,28.4
la_serena,2026-07-09,ecmwf_ifs025,7,0.0,,0.0,28.4
la_serena,2026-07-09,gfs_seamless,1,0.0,10.4,0.0,28.4
la_serena,2026-07-09,gfs_seamless,2,0.0,11.2,0.0,28.4
la_serena,2026-07-09,gfs_seamless,3,0.0,8.3,0.0,28.4
la_serena,2026-07-09,gfs_seamless,4,0.0,8.3,0.0,28.4
la_serena,2026-07-09,gfs_seamless,5,0.0,7.2,0.0,28.4
la_serena,2026-07-09,gfs_seamless,6,0.0,6.1,0.0,28.4
la_serena,2026-07-09,gfs_seamless,7,0.0,10.1,0.0,28.4
la_serena,2026-07-09,icon_seamless,1,0.0,16.6,0.0,28.4
la_serena,2026-07-09,icon_seamless,2,0.0,15.5,0.0,28.4
la_serena,2026-07-09,icon_seamless,3,0.0,17.6,0.0,28.4
la_serena,2026-07-09,icon_seamless,4,0.0,18.7,0.0,28.4
la_serena,2026-07-09,icon_seamless,5,0.0,19.1,0.0,28.4
la_serena,2026-07-09,icon_seamless,6,0.0,15.8,0.0,28.4
la_serena,2026-07-10,best_match,1,0.0,18.7,0.0,23.0
la_serena,2026-07-10,best_match,2,0.0,15.8,0.0,23.0
la_serena,2026-07-10,best_match,3,0.0,14.8,0.0,23.0
la_serena,2026-07-10,best_match,4,0.0,15.8,0.0,23.0
la_serena,2026-07-10,best_match,5,0.0,14.8,0.0,23.0
la_serena,2026-07-10,best_match,6,0.0,14.4,0.0,23.0
la_serena,2026-07-10,best_match,7,0.0,7.6,0.0,23.0
la_serena,2026-07-10,ecmwf_ifs025,1,0.0,,0.0,23.0
la_serena,2026-07-10,ecmwf_ifs025,2,0.0,,0.0,23.0
la_serena,2026-07-10,ecmwf_ifs025,3,0.0,,0.0,23.0
la_serena,2026-07-10,ecmwf_ifs025,4,0.0,,0.0,23.0
la_serena,2026-07-10,ecmwf_ifs025,5,0.0,,0.0,23.0
la_serena,2026-07-10,ecmwf_ifs025,6,0.0,,0.0,23.0
la_serena,2026-07-10,ecmwf_ifs025,7,0.0,,0.0,23.0
la_serena,2026-07-10,gfs_seamless,1,0.0,6.5,0.0,23.0
la_serena,2026-07-10,gfs_seamless,2,0.0,5.8,0.0,23.0
la_serena,2026-07-10,gfs_seamless,3,0.0,8.3,0.0,23.0
la_serena,2026-07-10,gfs_seamless,4,0.0,6.1,0.0,23.0
la_serena,2026-07-10,gfs_seamless,5,0.0,6.8,0.0,23.0
la_serena,2026-07-10,gfs_seamless,6,0.0,7.2,0.0,23.0
la_serena,2026-07-10,gfs_seamless,7,0.0,7.6,0.0,23.0
la_serena,2026-07-10,icon_seamless,1,0.0,18.7,0.0,23.0
la_serena,2026-07-10,icon_seamless,2,0.0,15.8,0.0,23.0
la_serena,2026-07-10,icon_seamless,3,0.0,14.8,0.0,23.0
la_serena,2026-07-10,icon_seamless,4,0.0,15.8,0.0,23.0
la_serena,2026-07-10,icon_seamless,5,0.0,14.8,0.0,23.0
la_serena,2026-07-10,icon_seamless,6,0.0,14.4,0.0,23.0
la_serena,2026-07-11,best_match,1,0.0,14.8,0.0,23.0
la_serena,2026-07-11,best_match,2,0.0,15.1,0.0,23.0
la_serena,2026-07-11,best_match,3,0.0,14.8,0.0,23.0
la_serena,2026-07-11,best_match,4,0.0,12.6,0.0,23.0
la_serena,2026-07-11,best_match,5,0.0,14.0,0.0,23.0
la_serena,2026-07-11,best_match,6,0.0,18.4,0.0,23.0
la_serena,2026-07-11,best_match,7,0.0,5.8,0.0,23.0
la_serena,2026-07-11,ecmwf_ifs025,1,0.0,,0.0,23.0
la_serena,2026-07-11,ecmwf_ifs025,2,0.0,,0.0,23.0
la_serena,2026-07-11,ecmwf_ifs025,3,0.0,,0.0,23.0
la_serena,2026-07-11,ecmwf_ifs025,4,0.0,,0.0,23.0
la_serena,2026-07-11,ecmwf_ifs025,5,0.0,,0.0,23.0
la_serena,2026-07-11,ecmwf_ifs025,6,0.0,,0.0,23.0
la_serena,2026-07-11,ecmwf_ifs025,7,0.0,,0.0,23.0
la_serena,2026-07-11,gfs_seamless,1,0.0,7.9,0.0,23.0
la_serena,2026-07-11,gfs_seamless,2,0.0,7.6,0.0,23.0
la_serena,2026-07-11,gfs_seamless,3,0.0,6.5,0.0,23.0
la_serena,2026-07-11,gfs_seamless,4,0.0,9.7,0.0,23.0
la_serena,2026-07-11,gfs_seamless,5,0.0,6.5,0.0,23.0
la_serena,2026-07-11,gfs_seamless,6,0.0,6.8,0.0,23.0
la_serena,2026-07-11,gfs_seamless,7,0.0,5.8,0.0,23.0
la_serena,2026-07-11,icon_seamless,1,0.0,14.8,0.0,23.0
la_serena,2026-07-11,icon_seamless,2,0.0,15.1,0.0,23.0
la_serena,2026-07-11,icon_seamless,3,0.0,14.8,0.0,23.0
la_serena,2026-07-11,icon_seamless,4,0.0,12.6,0.0,23.0
la_serena,2026-07-11,icon_seamless,5,0.0,14.0,0.0,23.0
la_serena,2026-07-11,icon_seamless,6,0.0,18.4,0.0,23.0
la_serena,2026-07-12,best_match,1,0.0,15.5,0.0,20.9
la_serena,2026-07-12,best_match,2,0.0,14.8,0.0,20.9
la_serena,2026-07-12,best_match,3,0.0,13.0,0.0,20.9
la_serena,2026-07-12,best_match,4,0.0,13.0,0.0,20.9
la_serena,2026-07-12,best_match,5,0.0,15.1,0.0,20.9
la_serena,2026-07-12,best_match,6,0.0,12.6,0.0,20.9
la_serena,2026-07-12,best_match,7,0.0,6.8,0.0,20.9
la_serena,2026-07-12,ecmwf_ifs025,1,0.0,,0.0,20.9
la_serena,2026-07-12,ecmwf_ifs025,2,0.0,,0.0,20.9
la_serena,2026-07-12,ecmwf_ifs025,3,0.0,,0.0,20.9
la_serena,2026-07-12,ecmwf_ifs025,4,0.0,,0.0,20.9
la_serena,2026-07-12,ecmwf_ifs025,5,0.0,,0.0,20.9
la_serena,2026-07-12,ecmwf_ifs025,6,0.0,,0.0,20.9
la_serena,2026-07-12,ecmwf_ifs025,7,0.0,,0.0,20.9
la_serena,2026-07-12,gfs_seamless,1,0.0,5.4,0.0,20.9
la_serena,2026-07-12,gfs_seamless,2,0.0,5.4,0.0,20.9
la_serena,2026-07-12,gfs_seamless,3,0.0,5.8,0.0,20.9
la_serena,2026-07-12,gfs_seamless,4,0.0,5.8,0.0,20.9
la_serena,2026-07-12,gfs_seamless,5,0.0,5.8,0.0,20.9
la_serena,2026-07-12,gfs_seamless,6,0.0,5.4,0.0,20.9
la_serena,2026-07-12,gfs_seamless,7,0.0,6.8,0.0,20.9
la_serena,2026-07-12,icon_seamless,1,0.0,15.5,0.0,20.9
la_serena,2026-07-12,icon_seamless,2,0.0,14.8,0.0,20.9
la_serena,2026-07-12,icon_seamless,3,0.0,13.0,0.0,20.9
la_serena,2026-07-12,icon_seamless,4,0.0,13.0,0.0,20.9
la_serena,2026-07-12,icon_seamless,5,0.0,15.1,0.0,20.9
la_serena,2026-07-12,icon_seamless,6,0.0,12.6,0.0,20.9
la_serena,2026-07-13,best_match,1,0.0,14.4,0.0,20.2
la_serena,2026-07-13,best_match,2,0.0,17.3,0.0,20.2
la_serena,2026-07-13,best_match,3,0.0,15.8,0.0,20.2
la_serena,2026-07-13,best_match,4,0.0,14.0,0.0,20.2
la_serena,2026-07-13,best_match,5,0.0,16.6,0.0,20.2
la_serena,2026-07-13,best_match,6,0.0,15.5,0.0,20.2
la_serena,2026-07-13,best_match,7,0.0,6.5,0.0,20.2
la_serena,2026-07-13,ecmwf_ifs025,1,0.0,,0.0,20.2
la_serena,2026-07-13,ecmwf_ifs025,2,0.0,,0.0,20.2
la_serena,2026-07-13,ecmwf_ifs025,3,0.0,,0.0,20.2
la_serena,2026-07-13,ecmwf_ifs025,4,0.0,,0.0,20.2
la_serena,2026-07-13,ecmwf_ifs025,5,0.0,,0.0,20.2
la_serena,2026-07-13,ecmwf_ifs025,6,0.0,,0.0,20.2
la_serena,2026-07-13,ecmwf_ifs025,7,0.0,,0.0,20.2
la_serena,2026-07-13,gfs_seamless,1,0.0,5.8,0.0,20.2
la_serena,2026-07-13,gfs_seamless,2,0.0,6.1,0.0,20.2
la_serena,2026-07-13,gfs_seamless,3,0.0,5.8,0.0,20.2
la_serena,2026-07-13,gfs_seamless,4,0.0,6.8,0.0,20.2
la_serena,2026-07-13,gfs_seamless,5,0.0,6.8,0.0,20.2
la_serena,2026-07-13,gfs_seamless,6,0.0,7.6,0.0,20.2
la_serena,2026-07-13,gfs_seamless,7,0.0,6.5,0.0,20.2
la_serena,2026-07-13,icon_seamless,1,0.0,14.4,0.0,20.2
la_serena,2026-07-13,icon_seamless,2,0.0,17.3,0.0,20.2
la_serena,2026-07-13,icon_seamless,3,0.0,15.8,0.0,20.2
la_serena,2026-07-13,icon_seamless,4,0.0,14.0,0.0,20.2
la_serena,2026-07-13,icon_seamless,5,0.0,16.6,0.0,20.2
la_serena,2026-07-13,icon_seamless,6,0.0,15.5,0.0,20.2
la_serena,2026-07-14,best_match,1,0.1,28.4,0.6,17.3
la_serena,2026-07-14,best_match,2,0.30000000000000004,18.0,0.6,17.3
la_serena,2026-07-14,best_match,3,0.0,16.2,0.6,17.3
la_serena,2026-07-14,best_match,4,0.2,15.8,0.6,17.3
la_serena,2026-07-14,best_match,5,0.0,18.7,0.6,17.3
la_serena,2026-07-14,best_match,6,0.0,17.6,0.6,17.3
la_serena,2026-07-14,best_match,7,0.0,6.1,0.6,17.3
la_serena,2026-07-14,ecmwf_ifs025,1,0.0,,0.6,17.3
la_serena,2026-07-14,ecmwf_ifs025,2,0.0,,0.6,17.3
la_serena,2026-07-14,ecmwf_ifs025,3,0.0,,0.6,17.3
la_serena,2026-07-14,ecmwf_ifs025,4,0.0,,0.6,17.3
la_serena,2026-07-14,ecmwf_ifs025,5,0.0,,0.6,17.3
la_serena,2026-07-14,ecmwf_ifs025,6,0.0,,0.6,17.3
la_serena,2026-07-14,ecmwf_ifs025,7,0.0,,0.6,17.3
la_serena,2026-07-14,gfs_seamless,1,0.0,7.9,0.6,17.3
la_serena,2026-07-14,gfs_seamless,2,0.0,7.9,0.6,17.3
la_serena,2026-07-14,gfs_seamless,3,0.0,9.4,0.6,17.3
la_serena,2026-07-14,gfs_seamless,4,0.0,7.6,0.6,17.3
la_serena,2026-07-14,gfs_seamless,5,0.0,9.7,0.6,17.3
la_serena,2026-07-14,gfs_seamless,6,0.0,5.4,0.6,17.3
la_serena,2026-07-14,gfs_seamless,7,0.0,6.1,0.6,17.3
la_serena,2026-07-14,icon_seamless,1,0.0,28.4,0.6,17.3
la_serena,2026-07-14,icon_seamless,2,0.0,18.0,0.6,17.3
la_serena,2026-07-14,icon_seamless,3,0.0,16.2,0.6,17.3
la_serena,2026-07-14,icon_seamless,4,0.0,15.8,0.6,17.3
la_serena,2026-07-14,icon_seamless,5,0.0,18.7,0.6,17.3
la_serena,2026-07-14,icon_seamless,6,0.0,17.6,0.6,17.3
la_serena,2026-07-15,best_match,1,0.8999999999999999,22.0,0.0,32.4
la_serena,2026-07-15,best_match,2,0.1,13.3,0.0,32.4
la_serena,2026-07-15,best_match,3,1.1,13.3,0.0,32.4
la_serena,2026-07-15,best_match,4,2.8000000000000003,15.5,0.0,32.4
la_serena,2026-07-15,best_match,5,2.4000000000000004,16.9,0.0,32.4
la_serena,2026-07-15,best_match,6,0.30000000000000004,19.4,0.0,32.4
la_serena,2026-07-15,best_match,7,0.8,7.9,0.0,32.4
la_serena,2026-07-15,ecmwf_ifs025,1,0.9000000000000001,,0.0,32.4
la_serena,2026-07-15,ecmwf_ifs025,2,0.6000000000000001,,0.0,32.4
la_serena,2026-07-15,ecmwf_ifs025,3,0.6000000000000001,,0.0,32.4
la_serena,2026-07-15,ecmwf_ifs025,4,2.7,,0.0,32.4
la_serena,2026-07-15,ecmwf_ifs025,5,1.8000000000000003,,0.0,32.4
la_serena,2026-07-15,ecmwf_ifs025,6,0.0,,0.0,32.4
la_serena,2026-07-15,ecmwf_ifs025,7,0.0,,0.0,32.4
la_serena,2026-07-15,gfs_seamless,1,0.0,22.0,0.0,32.4
la_serena,2026-07-15,gfs_seamless,2,0.0,6.8,0.0,32.4
la_serena,2026-07-15,gfs_seamless,3,0.0,11.2,0.0,32.4
la_serena,2026-07-15,gfs_seamless,4,0.0,8.3,0.0,32.4
la_serena,2026-07-15,gfs_seamless,5,0.0,6.5,0.0,32.4
la_serena,2026-07-15,gfs_seamless,6,0.0,6.5,0.0,32.4
la_serena,2026-07-15,gfs_seamless,7,0.0,7.9,0.0,32.4
la_serena,2026-07-15,icon_seamless,1,0.0,22.0,0.0,32.4
la_serena,2026-07-15,icon_seamless,2,0.0,13.3,0.0,32.4
la_serena,2026-07-15,icon_seamless,3,0.30000000000000004,13.3,0.0,32.4
la_serena,2026-07-15,icon_seamless,4,0.0,15.5,0.0,32.4
la_serena,2026-07-15,icon_seamless,5,0.1,16.9,0.0,32.4
la_serena,2026-07-15,icon_seamless,6,0.0,19.4,0.0,32.4
la_serena,2026-07-16,best_match,1,33.599999999999994,19.1,23.3,41.4
la_serena,2026-07-16,best_match,2,21.6,19.8,23.3,41.4
la_serena,2026-07-16,best_match,3,21.2,20.5,23.3,41.4
la_serena,2026-07-16,best_match,4,16.0,19.1,23.3,41.4
la_serena,2026-07-16,best_match,5,20.899999999999995,20.5,23.3,41.4
la_serena,2026-07-16,best_match,6,21.7,20.2,23.3,41.4
la_serena,2026-07-16,best_match,7,9.0,9.0,23.3,41.4
la_serena,2026-07-16,ecmwf_ifs025,1,37.2,,23.3,41.4
la_serena,2026-07-16,ecmwf_ifs025,2,23.1,,23.3,41.4
la_serena,2026-07-16,ecmwf_ifs025,3,26.4,,23.3,41.4
la_serena,2026-07-16,ecmwf_ifs025,4,16.8,,23.3,41.4
la_serena,2026-07-16,ecmwf_ifs025,5,27.0,,23.3,41.4
la_serena,2026-07-16,ecmwf_ifs025,6,24.599999999999998,,23.3,41.4
la_serena,2026-07-16,ecmwf_ifs025,7,13.2,,23.3,41.4
la_serena,2026-07-16,gfs_seamless,1,13.7,27.0,23.3,41.4
la_serena,2026-07-16,gfs_seamless,2,13.0,39.2,23.3,41.4
la_serena,2026-07-16,gfs_seamless,3,4.9,37.4,23.3,41.4
la_serena,2026-07-16,gfs_seamless,4,2.0,16.2,23.3,41.4
la_serena,2026-07-16,gfs_seamless,5,0.0,13.3,23.3,41.4
la_serena,2026-07-16,gfs_seamless,6,0.0,14.8,23.3,41.4
la_serena,2026-07-16,gfs_seamless,7,0.0,9.0,23.3,41.4
la_serena,2026-07-16,icon_seamless,1,46.2,19.1,23.3,41.4
la_serena,2026-07-16,icon_seamless,2,41.8,19.8,23.3,41.4
la_serena,2026-07-16,icon_seamless,3,32.9,20.5,23.3,41.4
la_serena,2026-07-16,icon_seamless,4,25.7,19.1,23.3,41.4
la_serena,2026-07-16,icon_seamless,5,21.1,20.5,23.3,41.4
la_serena,2026-07-16,icon_seamless,6,20.5,20.2,23.3,41.4
la_serena,2026-07-17,best_match,1,76.30000000000001,57.2,102.8,57.2
la_serena,2026-07-17,best_match,2,79.0,65.9,102.8,57.2
la_serena,2026-07-17,best_match,3,84.6,35.3,102.8,57.2
la_serena,2026-07-17,best_match,4,69.5,37.1,102.8,57.2
la_serena,2026-07-17,best_match,5,83.8,45.0,102.8,57.2
la_serena,2026-07-17,best_match,6,60.89999999999999,33.1,102.8,57.2
la_serena,2026-07-17,best_match,7,38.3,42.5,102.8,57.2
la_serena,2026-07-17,ecmwf_ifs025,1,86.10000000000001,,102.8,57.2
la_serena,2026-07-17,ecmwf_ifs025,2,84.6,,102.8,57.2
la_serena,2026-07-17,ecmwf_ifs025,3,85.80000000000001,,102.8,57.2
la_serena,2026-07-17,ecmwf_ifs025,4,73.5,,102.8,57.2
la_serena,2026-07-17,ecmwf_ifs025,5,81.9,,102.8,57.2
la_serena,2026-07-17,ecmwf_ifs025,6,67.80000000000001,,102.8,57.2
la_serena,2026-07-17,ecmwf_ifs025,7,45.3,,102.8,57.2
la_serena,2026-07-17,gfs_seamless,1,27.800000000000004,50.8,102.8,57.2
la_serena,2026-07-17,gfs_seamless,2,60.2,26.3,102.8,57.2
la_serena,2026-07-17,gfs_seamless,3,51.7,28.8,102.8,57.2
la_serena,2026-07-17,gfs_seamless,4,28.4,47.5,102.8,57.2
la_serena,2026-07-17,gfs_seamless,5,14.399999999999999,47.5,102.8,57.2
la_serena,2026-07-17,gfs_seamless,6,7.800000000000001,30.2,102.8,57.2
la_serena,2026-07-17,gfs_seamless,7,3.8000000000000003,42.5,102.8,57.2
la_serena,2026-07-17,icon_seamless,1,48.900000000000006,57.2,102.8,57.2
la_serena,2026-07-17,icon_seamless,2,37.3,65.9,102.8,57.2
la_serena,2026-07-17,icon_seamless,3,63.400000000000006,35.3,102.8,57.2
la_serena,2026-07-17,icon_seamless,4,43.3,37.1,102.8,57.2
la_serena,2026-07-17,icon_seamless,5,51.900000000000006,45.0,102.8,57.2
la_serena,2026-07-17,icon_seamless,6,47.5,33.1,102.8,57.2
la_serena,2026-07-18,best_match,1,48.5,46.8,74.5,44.3
la_serena,2026-07-18,best_match,2,109.6,55.1,74.5,44.3
la_serena,2026-07-18,best_match,3,51.5,52.9,74.5,44.3
la_serena,2026-07-18,best_match,4,54.8,33.8,74.5,44.3
la_serena,2026-07-18,best_match,5,42.7,44.6,74.5,44.3
la_serena,2026-07-18,best_match,6,7.8999999999999995,40.3,74.5,44.3
la_serena,2026-07-18,best_match,7,58.7,38.2,74.5,44.3
la_serena,2026-07-18,ecmwf_ifs025,1,59.1,,74.5,44.3
la_serena,2026-07-18,ecmwf_ifs025,2,102.6,,74.5,44.3
la_serena,2026-07-18,ecmwf_ifs025,3,71.7,,74.5,44.3
la_serena,2026-07-18,ecmwf_ifs025,4,67.5,,74.5,44.3
la_serena,2026-07-18,ecmwf_ifs025,5,37.5,,74.5,44.3
la_serena,2026-07-18,ecmwf_ifs025,6,15.9,,74.5,44.3
la_serena,2026-07-18,ecmwf_ifs025,7,56.10000000000001,,74.5,44.3
la_serena,2026-07-18,gfs_seamless,1,34.8,47.2,74.5,44.3
la_serena,2026-07-18,gfs_seamless,2,24.799999999999997,44.3,74.5,44.3
la_serena,2026-07-18,gfs_seamless,3,38.599999999999994,32.0,74.5,44.3
la_serena,2026-07-18,gfs_seamless,4,23.1,45.0,74.5,44.3
la_serena,2026-07-18,gfs_seamless,5,13.5,24.5,74.5,44.3
la_serena,2026-07-18,gfs_seamless,6,14.8,51.8,74.5,44.3
la_serena,2026-07-18,gfs_seamless,7,13.9,38.2,74.5,44.3
la_serena,2026-07-18,icon_seamless,1,62.8,46.8,74.5,44.3
la_serena,2026-07-18,icon_seamless,2,58.0,55.1,74.5,44.3
la_serena,2026-07-18,icon_seamless,3,23.8,52.9,74.5,44.3
la_serena,2026-07-18,icon_seamless,4,43.3,33.8,74.5,44.3
la_serena,2026-07-18,icon_seamless,5,29.3,44.6,74.5,44.3
la_serena,2026-07-18,icon_seamless,6,31.6,40.3,74.5,44.3
osorno,2026-07-05,best_match,1,0.0,7.9,0.0,13.0
osorno,2026-07-05,best_match,2,0.0,13.0,0.0,13.0
osorno,2026-07-05,best_match,3,0.0,9.4,0.0,13.0
osorno,2026-07-05,best_match,4,0.0,10.1,0.0,13.0
osorno,2026-07-05,best_match,5,0.0,10.8,0.0,13.0
osorno,2026-07-05,best_match,6,0.0,12.2,0.0,13.0
osorno,2026-07-05,best_match,7,0.0,8.3,0.0,13.0
osorno,2026-07-05,ecmwf_ifs025,1,0.0,,0.0,13.0
osorno,2026-07-05,ecmwf_ifs025,2,0.0,,0.0,13.0
osorno,2026-07-05,ecmwf_ifs025,3,0.0,,0.0,13.0
osorno,2026-07-05,ecmwf_ifs025,4,0.0,,0.0,13.0
osorno,2026-07-05,ecmwf_ifs025,5,0.0,,0.0,13.0
osorno,2026-07-05,ecmwf_ifs025,6,0.0,,0.0,13.0
osorno,2026-07-05,ecmwf_ifs025,7,0.0,,0.0,13.0
osorno,2026-07-05,gfs_seamless,1,0.0,3.6,0.0,13.0
osorno,2026-07-05,gfs_seamless,2,0.0,4.3,0.0,13.0
osorno,2026-07-05,gfs_seamless,3,0.0,6.1,0.0,13.0
osorno,2026-07-05,gfs_seamless,4,0.0,5.0,0.0,13.0
osorno,2026-07-05,gfs_seamless,5,0.0,3.2,0.0,13.0
osorno,2026-07-05,gfs_seamless,6,0.0,7.6,0.0,13.0
osorno,2026-07-05,gfs_seamless,7,0.1,8.3,0.0,13.0
osorno,2026-07-05,icon_seamless,1,0.0,7.9,0.0,13.0
osorno,2026-07-05,icon_seamless,2,0.0,13.0,0.0,13.0
osorno,2026-07-05,icon_seamless,3,0.0,9.4,0.0,13.0
osorno,2026-07-05,icon_seamless,4,0.0,10.1,0.0,13.0
osorno,2026-07-05,icon_seamless,5,0.0,10.8,0.0,13.0
osorno,2026-07-05,icon_seamless,6,0.0,12.2,0.0,13.0
osorno,2026-07-06,best_match,1,4.800000000000001,22.3,8.0,47.2
osorno,2026-07-06,best_match,2,3.0999999999999996,28.4,8.0,47.2
osorno,2026-07-06,best_match,3,0.7,29.5,8.0,47.2
osorno,2026-07-06,best_match,4,1.2000000000000002,16.6,8.0,47.2
osorno,2026-07-06,best_match,5,6.5,37.1,8.0,47.2
osorno,2026-07-06,best_match,6,2.4000000000000004,32.4,8.0,47.2
osorno,2026-07-06,best_match,7,0.0,4.3,8.0,47.2
osorno,2026-07-06,ecmwf_ifs025,1,4.8,,8.0,47.2
osorno,2026-07-06,ecmwf_ifs025,2,3.6000000000000005,,8.0,47.2
osorno,2026-07-06,ecmwf_ifs025,3,1.5,,8.0,47.2
osorno,2026-07-06,ecmwf_ifs025,4,2.4000000000000004,,8.0,47.2
osorno,2026-07-06,ecmwf_ifs025,5,8.100000000000001,,8.0,47.2
osorno,2026-07-06,ecmwf_ifs025,6,2.7,,8.0,47.2
osorno,2026-07-06,ecmwf_ifs025,7,0.0,,8.0,47.2
osorno,2026-07-06,gfs_seamless,1,0.7,38.5,8.0,47.2
osorno,2026-07-06,gfs_seamless,2,0.3,40.0,8.0,47.2
osorno,2026-07-06,gfs_seamless,3,1.3,43.2,8.0,47.2
osorno,2026-07-06,gfs_seamless,4,0.0,16.9,8.0,47.2
osorno,2026-07-06,gfs_seamless,5,0.0,31.3,8.0,47.2
osorno,2026-07-06,gfs_seamless,6,0.0,5.0,8.0,47.2
osorno,2026-07-06,gfs_seamless,7,0.0,4.3,8.0,47.2
osorno,2026-07-06,icon_seamless,1,2.5,22.3,8.0,47.2
osorno,2026-07-06,icon_seamless,2,1.3,28.4,8.0,47.2
osorno,2026-07-06,icon_seamless,3,0.7,29.5,8.0,47.2
osorno,2026-07-06,icon_seamless,4,0.0,16.6,8.0,47.2
osorno,2026-07-06,icon_seamless,5,1.3,37.1,8.0,47.2
osorno,2026-07-06,icon_seamless,6,1.3,32.4,8.0,47.2
osorno,2026-07-07,best_match,1,58.7,42.5,69.2,63.4
osorno,2026-07-07,best_match,2,61.8,47.5,69.2,63.4
osorno,2026-07-07,best_match,3,44.099999999999994,41.8,69.2,63.4
osorno,2026-07-07,best_match,4,37.900000000000006,31.7,69.2,63.4
osorno,2026-07-07,best_match,5,50.8,43.6,69.2,63.4
osorno,2026-07-07,best_match,6,13.1,47.9,69.2,63.4
osorno,2026-07-07,best_match,7,23.2,58.0,69.2,63.4
osorno,2026-07-07,ecmwf_ifs025,1,61.199999999999996,,69.2,63.4
osorno,2026-07-07,ecmwf_ifs025,2,57.9,,69.2,63.4
osorno,2026-07-07,ecmwf_ifs025,3,46.5,,69.2,63.4
osorno,2026-07-07,ecmwf_ifs025,4,37.8,,69.2,63.4
osorno,2026-07-07,ecmwf_ifs025,5,52.5,,69.2,63.4
osorno,2026-07-07,ecmwf_ifs025,6,15.600000000000001,,69.2,63.4
osorno,2026-07-07,ecmwf_ifs025,7,19.8,,69.2,63.4
osorno,2026-07-07,gfs_seamless,1,76.8,49.7,69.2,63.4
osorno,2026-07-07,gfs_seamless,2,64.69999999999999,50.8,69.2,63.4
osorno,2026-07-07,gfs_seamless,3,70.0,45.7,69.2,63.4
osorno,2026-07-07,gfs_seamless,4,62.89999999999999,52.9,69.2,63.4
osorno,2026-07-07,gfs_seamless,5,20.0,72.7,69.2,63.4
osorno,2026-07-07,gfs_seamless,6,11.3,46.8,69.2,63.4
osorno,2026-07-07,gfs_seamless,7,6.9,58.0,69.2,63.4
osorno,2026-07-07,icon_seamless,1,53.300000000000004,42.5,69.2,63.4
osorno,2026-07-07,icon_seamless,2,46.7,47.5,69.2,63.4
osorno,2026-07-07,icon_seamless,3,26.6,41.8,69.2,63.4
osorno,2026-07-07,icon_seamless,4,15.799999999999999,31.7,69.2,63.4
osorno,2026-07-07,icon_seamless,5,38.1,43.6,69.2,63.4
osorno,2026-07-07,icon_seamless,6,39.0,47.9,69.2,63.4
osorno,2026-07-08,best_match,1,24.900000000000002,51.8,34.3,64.4
osorno,2026-07-08,best_match,2,31.9,16.2,34.3,64.4
osorno,2026-07-08,best_match,3,24.3,25.2,34.3,64.4
osorno,2026-07-08,best_match,4,31.599999999999998,25.9,34.3,64.4
osorno,2026-07-08,best_match,5,29.6,17.3,34.3,64.4
osorno,2026-07-08,best_match,6,8.0,39.6,34.3,64.4
osorno,2026-07-08,best_match,7,28.199999999999996,39.6,34.3,64.4
osorno,2026-07-08,ecmwf_ifs025,1,28.5,,34.3,64.4
osorno,2026-07-08,ecmwf_ifs025,2,30.300000000000004,,34.3,64.4
osorno,2026-07-08,ecmwf_ifs025,3,21.0,,34.3,64.4
osorno,2026-07-08,ecmwf_ifs025,4,27.0,,34.3,64.4
osorno,2026-07-08,ecmwf_ifs025,5,25.799999999999997,,34.3,64.4
osorno,2026-07-08,ecmwf_ifs025,6,10.5,,34.3,64.4
osorno,2026-07-08,ecmwf_ifs025,7,19.200000000000003,,34.3,64.4
osorno,2026-07-08,gfs_seamless,1,59.400000000000006,45.4,34.3,64.4
osorno,2026-07-08,gfs_seamless,2,43.1,56.2,34.3,64.4
osorno,2026-07-08,gfs_seamless,3,24.5,54.4,34.3,64.4
osorno,2026-07-08,gfs_seamless,4,0.2,23.4,34.3,64.4
osorno,2026-07-08,gfs_seamless,5,0.5,48.2,34.3,64.4
osorno,2026-07-08,gfs_seamless,6,6.199999999999999,64.1,34.3,64.4
osorno,2026-07-08,gfs_seamless,7,14.7,39.6,34.3,64.4
osorno,2026-07-08,icon_seamless,1,59.400000000000006,51.8,34.3,64.4
osorno,2026-07-08,icon_seamless,2,11.8,16.2,34.3,64.4
osorno,2026-07-08,icon_seamless,3,18.5,25.2,34.3,64.4
osorno,2026-07-08,icon_seamless,4,19.1,25.9,34.3,64.4
osorno,2026-07-08,icon_seamless,5,34.9,17.3,34.3,64.4
osorno,2026-07-08,icon_seamless,6,0.4,39.6,34.3,64.4
osorno,2026-07-09,best_match,1,0.0,23.0,0.0,15.8
osorno,2026-07-09,best_match,2,0.1,21.6,0.0,15.8
osorno,2026-07-09,best_match,3,2.8,7.2,0.0,15.8
osorno,2026-07-09,best_match,4,13.8,24.8,0.0,15.8
osorno,2026-07-09,best_match,5,3.8000000000000003,46.8,0.0,15.8
osorno,2026-07-09,best_match,6,8.2,14.0,0.0,15.8
osorno,2026-07-09,best_match,7,7.0,37.4,0.0,15.8
osorno,2026-07-09,ecmwf_ifs025,1,0.0,,0.0,15.8
osorno,2026-07-09,ecmwf_ifs025,2,0.0,,0.0,15.8
osorno,2026-07-09,ecmwf_ifs025,3,0.8999999999999999,,0.0,15.8
osorno,2026-07-09,ecmwf_ifs025,4,7.5,,0.0,15.8
osorno,2026-07-09,ecmwf_ifs025,5,4.2,,0.0,15.8
osorno,2026-07-09,ecmwf_ifs025,6,11.1,,0.0,15.8
osorno,2026-07-09,ecmwf_ifs025,7,6.9,,0.0,15.8
osorno,2026-07-09,gfs_seamless,1,0.1,30.6,0.0,15.8
osorno,2026-07-09,gfs_seamless,2,0.6000000000000001,9.4,0.0,15.8
osorno,2026-07-09,gfs_seamless,3,4.5,40.3,0.0,15.8
osorno,2026-07-09,gfs_seamless,4,10.200000000000001,42.8,0.0,15.8
osorno,2026-07-09,gfs_seamless,5,0.30000000000000004,5.4,0.0,15.8
osorno,2026-07-09,gfs_seamless,6,0.0,10.8,0.0,15.8
osorno,2026-07-09,gfs_seamless,7,7.1,37.4,0.0,15.8
osorno,2026-07-09,icon_seamless,1,0.0,23.0,0.0,15.8
osorno,2026-07-09,icon_seamless,2,0.5,21.6,0.0,15.8
osorno,2026-07-09,icon_seamless,3,0.1,7.2,0.0,15.8
osorno,2026-07-09,icon_seamless,4,2.3,24.8,0.0,15.8
osorno,2026-07-09,icon_seamless,5,8.3,46.8,0.0,15.8
osorno,2026-07-09,icon_seamless,6,9.1,14.0,0.0,15.8
osorno,2026-07-10,best_match,1,3.1,9.7,3.5,25.9
osorno,2026-07-10,best_match,2,4.2,27.7,3.5,25.9
osorno,2026-07-10,best_match,3,7.4,30.6,3.5,25.9
osorno,2026-07-10,best_match,4,3.3,14.8,3.5,25.9
osorno,2026-07-10,best_match,5,0.1,21.6,3.5,25.9
osorno,2026-07-10,best_match,6,7.499999999999999,25.2,3.5,25.9
osorno,2026-07-10,best_match,7,0.6,45.4,3.5,25.9
osorno,2026-07-10,ecmwf_ifs025,1,4.5,,3.5,25.9
osorno,2026-07-10,ecmwf_ifs025,2,5.1,,3.5,25.9
osorno,2026-07-10,ecmwf_ifs025,3,9.6,,3.5,25.9
osorno,2026-07-10,ecmwf_ifs025,4,0.8999999999999999,,3.5,25.9
osorno,2026-07-10,ecmwf_ifs025,5,0.30000000000000004,,3.5,25.9
osorno,2026-07-10,ecmwf_ifs025,6,7.5,,3.5,25.9
osorno,2026-07-10,ecmwf_ifs025,7,1.8,,3.5,25.9
osorno,2026-07-10,gfs_seamless,1,0.0,4.3,3.5,25.9
osorno,2026-07-10,gfs_seamless,2,17.1,38.9,3.5,25.9
osorno,2026-07-10,gfs_seamless,3,26.0,41.8,3.5,25.9
osorno,2026-07-10,gfs_seamless,4,9.0,36.7,3.5,25.9
osorno,2026-07-10,gfs_seamless,5,0.8,38.5,3.5,25.9
osorno,2026-07-10,gfs_seamless,6,3.5,48.6,3.5,25.9
osorno,2026-07-10,gfs_seamless,7,6.4,45.4,3.5,25.9
osorno,2026-07-10,icon_seamless,1,0.0,9.7,3.5,25.9
osorno,2026-07-10,icon_seamless,2,19.1,27.7,3.5,25.9
osorno,2026-07-10,icon_seamless,3,2.0,30.6,3.5,25.9
osorno,2026-07-10,icon_seamless,4,1.6,14.8,3.5,25.9
osorno,2026-07-10,icon_seamless,5,0.6000000000000001,21.6,3.5,25.9
osorno,2026-07-10,icon_seamless,6,4.300000000000001,25.2,3.5,25.9
osorno,2026-07-11,best_match,1,0.0,7.9,0.0,14.4
osorno,2026-07-11,best_match,2,0.0,9.7,0.0,14.4
osorno,2026-07-11,best_match,3,0.1,23.4,0.0,14.4
osorno,2026-07-11,best_match,4,0.0,7.9,0.0,14.4
osorno,2026-07-11,best_match,5,0.6000000000000001,8.3,0.0,14.4
osorno,2026-07-11,best_match,6,15.0,21.2,0.0,14.4
osorno,2026-07-11,best_match,7,3.9,41.0,0.0,14.4
osorno,2026-07-11,ecmwf_ifs025,1,0.0,,0.0,14.4
osorno,2026-07-11,ecmwf_ifs025,2,0.0,,0.0,14.4
osorno,2026-07-11,ecmwf_ifs025,3,0.30000000000000004,,0.0,14.4
osorno,2026-07-11,ecmwf_ifs025,4,0.0,,0.0,14.4
osorno,2026-07-11,ecmwf_ifs025,5,0.30000000000000004,,0.0,14.4
osorno,2026-07-11,ecmwf_ifs025,6,10.8,,0.0,14.4
osorno,2026-07-11,ecmwf_ifs025,7,2.4000000000000004,,0.0,14.4
osorno,2026-07-11,gfs_seamless,1,0.0,4.3,0.0,14.4
osorno,2026-07-11,gfs_seamless,2,0.0,5.0,0.0,14.4
osorno,2026-07-11,gfs_seamless,3,1.1,42.1,0.0,14.4
osorno,2026-07-11,gfs_seamless,4,0.1,19.1,0.0,14.4
osorno,2026-07-11,gfs_seamless,5,1.0,13.7,0.0,14.4
osorno,2026-07-11,gfs_seamless,6,1.9,23.0,0.0,14.4
osorno,2026-07-11,gfs_seamless,7,0.9,41.0,0.0,14.4
osorno,2026-07-11,icon_seamless,1,0.1,7.9,0.0,14.4
osorno,2026-07-11,icon_seamless,2,0.4,9.7,0.0,14.4
osorno,2026-07-11,icon_seamless,3,0.1,23.4,0.0,14.4
osorno,2026-07-11,icon_seamless,4,0.0,7.9,0.0,14.4
osorno,2026-07-11,icon_seamless,5,2.5,8.3,0.0,14.4
osorno,2026-07-11,icon_seamless,6,13.3,21.2,0.0,14.4
osorno,2026-07-12,best_match,1,0.0,35.6,0.0,43.9
osorno,2026-07-12,best_match,2,0.0,24.5,0.0,43.9
osorno,2026-07-12,best_match,3,0.0,36.0,0.0,43.9
osorno,2026-07-12,best_match,4,0.3,28.8,0.0,43.9
osorno,2026-07-12,best_match,5,4.2,51.1,0.0,43.9
osorno,2026-07-12,best_match,6,0.8,39.6,0.0,43.9
osorno,2026-07-12,best_match,7,0.2,10.8,0.0,43.9
osorno,2026-07-12,ecmwf_ifs025,1,0.0,,0.0,43.9
osorno,2026-07-12,ecmwf_ifs025,2,0.0,,0.0,43.9
osorno,2026-07-12,ecmwf_ifs025,3,0.0,,0.0,43.9
osorno,2026-07-12,ecmwf_ifs025,4,0.0,,0.0,43.9
osorno,2026-07-12,ecmwf_ifs025,5,3.0,,0.0,43.9
osorno,2026-07-12,ecmwf_ifs025,6,1.5,,0.0,43.9
osorno,2026-07-12,ecmwf_ifs025,7,1.5,,0.0,43.9
osorno,2026-07-12,gfs_seamless,1,0.0,38.2,0.0,43.9
osorno,2026-07-12,gfs_seamless,2,0.0,36.0,0.0,43.9
osorno,2026-07-12,gfs_seamless,3,0.0,31.3,0.0,43.9
osorno,2026-07-12,gfs_seamless,4,0.0,8.3,0.0,43.9
osorno,2026-07-12,gfs_seamless,5,0.0,7.6,0.0,43.9
osorno,2026-07-12,gfs_seamless,6,0.0,7.2,0.0,43.9
osorno,2026-07-12,gfs_seamless,7,0.0,10.8,0.0,43.9
osorno,2026-07-12,icon_seamless,1,0.1,35.6,0.0,43.9
osorno,2026-07-12,icon_seamless,2,0.0,24.5,0.0,43.9
osorno,2026-07-12,icon_seamless,3,8.2,36.0,0.0,43.9
osorno,2026-07-12,icon_seamless,4,1.2,28.8,0.0,43.9
osorno,2026-07-12,icon_seamless,5,16.3,51.1,0.0,43.9
osorno,2026-07-12,icon_seamless,6,6.3,39.6,0.0,43.9
osorno,2026-07-13,best_match,1,12.8,36.7,10.8,44.3
osorno,2026-07-13,best_match,2,8.3,37.8,10.8,44.3
osorno,2026-07-13,best_match,3,12.299999999999999,42.5,10.8,44.3
osorno,2026-07-13,best_match,4,15.8,53.6,10.8,44.3
osorno,2026-07-13,best_match,5,25.099999999999998,65.9,10.8,44.3
osorno,2026-07-13,best_match,6,9.2,27.0,10.8,44.3
osorno,2026-07-13,best_match,7,6.2,45.0,10.8,44.3
osorno,2026-07-13,ecmwf_ifs025,1,9.0,,10.8,44.3
osorno,2026-07-13,ecmwf_ifs025,2,6.0,,10.8,44.3
osorno,2026-07-13,ecmwf_ifs025,3,8.700000000000001,,10.8,44.3
osorno,2026-07-13,ecmwf_ifs025,4,12.9,,10.8,44.3
osorno,2026-07-13,ecmwf_ifs025,5,15.3,,10.8,44.3
osorno,2026-07-13,ecmwf_ifs025,6,10.2,,10.8,44.3
osorno,2026-07-13,ecmwf_ifs025,7,6.300000000000001,,10.8,44.3
osorno,2026-07-13,gfs_seamless,1,8.3,38.9,10.8,44.3
osorno,2026-07-13,gfs_seamless,2,5.700000000000001,41.4,10.8,44.3
osorno,2026-07-13,gfs_seamless,3,6.199999999999999,41.4,10.8,44.3
osorno,2026-07-13,gfs_seamless,4,1.9,37.1,10.8,44.3
osorno,2026-07-13,gfs_seamless,5,5.8,31.3,10.8,44.3
osorno,2026-07-13,gfs_seamless,6,1.9000000000000001,40.0,10.8,44.3
osorno,2026-07-13,gfs_seamless,7,9.0,45.0,10.8,44.3
osorno,2026-07-13,icon_seamless,1,6.8,36.7,10.8,44.3
osorno,2026-07-13,icon_seamless,2,9.5,37.8,10.8,44.3
osorno,2026-07-13,icon_seamless,3,20.4,42.5,10.8,44.3
osorno,2026-07-13,icon_seamless,4,19.400000000000002,53.6,10.8,44.3
osorno,2026-07-13,icon_seamless,5,5.800000000000001,65.9,10.8,44.3
osorno,2026-07-13,icon_seamless,6,11.8,27.0,10.8,44.3
osorno,2026-07-14,best_match,1,18.400000000000002,46.1,16.2,63.0
osorno,2026-07-14,best_match,2,21.7,33.8,16.2,63.0
osorno,2026-07-14,best_match,3,21.1,22.3,16.2,63.0
osorno,2026-07-14,best_match,4,13.8,27.7,16.2,63.0
osorno,2026-07-14,best_match,5,7.8,43.9,16.2,63.0
osorno,2026-07-14,best_match,6,10.7,35.3,16.2,63.0
osorno,2026-07-14,best_match,7,3.6,50.4,16.2,63.0
osorno,2026-07-14,ecmwf_ifs025,1,19.5,,16.2,63.0
osorno,2026-07-14,ecmwf_ifs025,2,16.5,,16.2,63.0
osorno,2026-07-14,ecmwf_ifs025,3,16.8,,16.2,63.0
osorno,2026-07-14,ecmwf_ifs025,4,12.0,,16.2,63.0
osorno,2026-07-14,ecmwf_ifs025,5,8.7,,16.2,63.0
osorno,2026-07-14,ecmwf_ifs025,6,16.200000000000003,,16.2,63.0
osorno,2026-07-14,ecmwf_ifs025,7,2.1,,16.2,63.0
osorno,2026-07-14,gfs_seamless,1,33.099999999999994,56.2,16.2,63.0
osorno,2026-07-14,gfs_seamless,2,26.6,41.0,16.2,63.0
osorno,2026-07-14,gfs_seamless,3,1.4000000000000001,36.4,16.2,63.0
osorno,2026-07-14,gfs_seamless,4,1.4,21.6,16.2,63.0
osorno,2026-07-14,gfs_seamless,5,2.0,40.7,16.2,63.0
osorno,2026-07-14,gfs_seamless,6,0.4,35.3,16.2,63.0
osorno,2026-07-14,gfs_seamless,7,2.3,50.4,16.2,63.0
osorno,2026-07-14,icon_seamless,1,23.900000000000006,46.1,16.2,63.0
osorno,2026-07-14,icon_seamless,2,16.0,33.8,16.2,63.0
osorno,2026-07-14,icon_seamless,3,1.5,22.3,16.2,63.0
osorno,2026-07-14,icon_seamless,4,1.7999999999999998,27.7,16.2,63.0
osorno,2026-07-14,icon_seamless,5,7.5,43.9,16.2,63.0
osorno,2026-07-14,icon_seamless,6,3.4000000000000004,35.3,16.2,63.0
osorno,2026-07-15,best_match,1,18.3,42.1,26.4,42.1
osorno,2026-07-15,best_match,2,22.6,37.4,26.4,42.1
osorno,2026-07-15,best_match,3,37.2,41.4,26.4,42.1
osorno,2026-07-15,best_match,4,36.2,37.4,26.4,42.1
osorno,2026-07-15,best_match,5,28.900000000000002,30.2,26.4,42.1
osorno,2026-07-15,best_match,6,12.9,32.4,26.4,42.1
osorno,2026-07-15,best_match,7,1.2000000000000002,35.3,26.4,42.1
osorno,2026-07-15,ecmwf_ifs025,1,13.8,,26.4,42.1
osorno,2026-07-15,ecmwf_ifs025,2,14.7,,26.4,42.1
osorno,2026-07-15,ecmwf_ifs025,3,25.200000000000003,,26.4,42.1
osorno,2026-07-15,ecmwf_ifs025,4,20.1,,26.4,42.1
osorno,2026-07-15,ecmwf_ifs025,5,21.299999999999997,,26.4,42.1
osorno,2026-07-15,ecmwf_ifs025,6,17.1,,26.4,42.1
osorno,2026-07-15,ecmwf_ifs025,7,2.4000000000000004,,26.4,42.1
osorno,2026-07-15,gfs_seamless,1,8.3,32.4,26.4,42.1
osorno,2026-07-15,gfs_seamless,2,12.7,29.9,26.4,42.1
osorno,2026-07-15,gfs_seamless,3,15.0,41.0,26.4,42.1
osorno,2026-07-15,gfs_seamless,4,6.5,48.2,26.4,42.1
osorno,2026-07-15,gfs_seamless,5,6.7,38.2,26.4,42.1
osorno,2026-07-15,gfs_seamless,6,0.0,25.9,26.4,42.1
osorno,2026-07-15,gfs_seamless,7,1.9000000000000001,35.3,26.4,42.1
osorno,2026-07-15,icon_seamless,1,11.3,42.1,26.4,42.1
osorno,2026-07-15,icon_seamless,2,9.1,37.4,26.4,42.1
osorno,2026-07-15,icon_seamless,3,8.8,41.4,26.4,42.1
osorno,2026-07-15,icon_seamless,4,2.3000000000000003,37.4,26.4,42.1
osorno,2026-07-15,icon_seamless,5,0.0,30.2,26.4,42.1
osorno,2026-07-15,icon_seamless,6,2.3,32.4,26.4,42.1
osorno,2026-07-16,best_match,1,33.0,72.0,33.5,85.0
osorno,2026-07-16,best_match,2,51.3,58.0,33.5,85.0
osorno,2026-07-16,best_match,3,43.0,58.0,33.5,85.0
osorno,2026-07-16,best_match,4,9.1,35.6,33.5,85.0
osorno,2026-07-16,best_match,5,9.7,23.4,33.5,85.0
osorno,2026-07-16,best_match,6,4.9,50.4,33.5,85.0
osorno,2026-07-16,best_match,7,22.5,91.1,33.5,85.0
osorno,2026-07-16,ecmwf_ifs025,1,41.099999999999994,,33.5,85.0
osorno,2026-07-16,ecmwf_ifs025,2,48.3,,33.5,85.0
osorno,2026-07-16,ecmwf_ifs025,3,45.0,,33.5,85.0
osorno,2026-07-16,ecmwf_ifs025,4,7.5,,33.5,85.0
osorno,2026-07-16,ecmwf_ifs025,5,6.3,,33.5,85.0
osorno,2026-07-16,ecmwf_ifs025,6,3.0,,33.5,85.0
osorno,2026-07-16,ecmwf_ifs025,7,30.3,,33.5,85.0
osorno,2026-07-16,gfs_seamless,1,45.099999999999994,82.1,33.5,85.0
osorno,2026-07-16,gfs_seamless,2,26.400000000000002,74.9,33.5,85.0
osorno,2026-07-16,gfs_seamless,3,23.5,77.4,33.5,85.0
osorno,2026-07-16,gfs_seamless,4,26.2,68.4,33.5,85.0
osorno,2026-07-16,gfs_seamless,5,6.800000000000001,73.1,33.5,85.0
osorno,2026-07-16,gfs_seamless,6,16.7,66.2,33.5,85.0
osorno,2026-07-16,gfs_seamless,7,19.0,91.1,33.5,85.0
osorno,2026-07-16,icon_seamless,1,41.5,72.0,33.5,85.0
osorno,2026-07-16,icon_seamless,2,37.1,58.0,33.5,85.0
osorno,2026-07-16,icon_seamless,3,37.8,58.0,33.5,85.0
osorno,2026-07-16,icon_seamless,4,14.9,35.6,33.5,85.0
osorno,2026-07-16,icon_seamless,5,6.1,23.4,33.5,85.0
osorno,2026-07-16,icon_seamless,6,20.099999999999998,50.4,33.5,85.0
osorno,2026-07-17,best_match,1,2.6,24.8,1.7,28.8
osorno,2026-07-17,best_match,2,6.699999999999999,24.5,1.7,28.8
osorno,2026-07-17,best_match,3,5.300000000000001,41.8,1.7,28.8
osorno,2026-07-17,best_match,4,3.9000000000000004,74.2,1.7,28.8
osorno,2026-07-17,best_match,5,9.6,19.8,1.7,28.8
osorno,2026-07-17,best_match,6,13.100000000000001,69.8,1.7,28.8
osorno,2026-07-17,best_match,7,0.8,74.9,1.7,28.8
osorno,2026-07-17,ecmwf_ifs025,1,2.4000000000000004,,1.7,28.8
osorno,2026-07-17,ecmwf_ifs025,2,9.6,,1.7,28.8
osorno,2026-07-17,ecmwf_ifs025,3,4.2,,1.7,28.8
osorno,2026-07-17,ecmwf_ifs025,4,3.9,,1.7,28.8
osorno,2026-07-17,ecmwf_ifs025,5,8.399999999999999,,1.7,28.8
osorno,2026-07-17,ecmwf_ifs025,6,9.0,,1.7,28.8
osorno,2026-07-17,ecmwf_ifs025,7,0.0,,1.7,28.8
osorno,2026-07-17,gfs_seamless,1,0.4,15.1,1.7,28.8
osorno,2026-07-17,gfs_seamless,2,5.500000000000001,17.3,1.7,28.8
osorno,2026-07-17,gfs_seamless,3,1.4000000000000001,67.0,1.7,28.8
osorno,2026-07-17,gfs_seamless,4,3.2,52.9,1.7,28.8
osorno,2026-07-17,gfs_seamless,5,3.7,71.6,1.7,28.8
osorno,2026-07-17,gfs_seamless,6,10.400000000000002,68.8,1.7,28.8
osorno,2026-07-17,gfs_seamless,7,11.4,74.9,1.7,28.8
osorno,2026-07-17,icon_seamless,1,6.5,24.8,1.7,28.8
osorno,2026-07-17,icon_seamless,2,3.7,24.5,1.7,28.8
osorno,2026-07-17,icon_seamless,3,5.0,41.8,1.7,28.8
osorno,2026-07-17,icon_seamless,4,2.9000000000000004,74.2,1.7,28.8
osorno,2026-07-17,icon_seamless,5,12.999999999999998,19.8,1.7,28.8
osorno,2026-07-17,icon_seamless,6,33.3,69.8,1.7,28.8
osorno,2026-07-18,best_match,1,0.0,31.0,0.0,27.7
osorno,2026-07-18,best_match,2,0.0,36.0,0.0,27.7
osorno,2026-07-18,best_match,3,1.8,16.6,0.0,27.7
osorno,2026-07-18,best_match,4,1.7999999999999998,28.1,0.0,27.7
osorno,2026-07-18,best_match,5,0.0,18.7,0.0,27.7
osorno,2026-07-18,best_match,6,0.0,58.0,0.0,27.7
osorno,2026-07-18,best_match,7,0.30000000000000004,61.6,0.0,27.7
osorno,2026-07-18,ecmwf_ifs025,1,0.0,,0.0,27.7
osorno,2026-07-18,ecmwf_ifs025,2,0.0,,0.0,27.7
osorno,2026-07-18,ecmwf_ifs025,3,0.6000000000000001,,0.0,27.7
osorno,2026-07-18,ecmwf_ifs025,4,1.5,,0.0,27.7
osorno,2026-07-18,ecmwf_ifs025,5,0.0,,0.0,27.7
osorno,2026-07-18,ecmwf_ifs025,6,0.0,,0.0,27.7
osorno,2026-07-18,ecmwf_ifs025,7,0.9,,0.0,27.7
osorno,2026-07-18,gfs_seamless,1,0.0,24.5,0.0,27.7
osorno,2026-07-18,gfs_seamless,2,24.2,42.5,0.0,27.7
osorno,2026-07-18,gfs_seamless,3,0.7000000000000001,13.3,0.0,27.7
osorno,2026-07-18,gfs_seamless,4,0.7000000000000001,7.9,0.0,27.7
osorno,2026-07-18,gfs_seamless,5,0.5,36.7,0.0,27.7
osorno,2026-07-18,gfs_seamless,6,0.4,69.1,0.0,27.7
osorno,2026-07-18,gfs_seamless,7,7.1000000000000005,61.6,0.0,27.7
osorno,2026-07-18,icon_seamless,1,0.0,31.0,0.0,27.7
osorno,2026-07-18,icon_seamless,2,0.0,36.0,0.0,27.7
osorno,2026-07-18,icon_seamless,3,0.0,16.6,0.0,27.7
osorno,2026-07-18,icon_seamless,4,0.4,28.1,0.0,27.7
osorno,2026-07-18,icon_seamless,5,0.4,18.7,0.0,27.7
osorno,2026-07-18,icon_seamless,6,0.2,58.0,0.0,27.7
puerto_montt,2026-07-05,best_match,1,0.0,18.7,0.0,27.4
puerto_montt,2026-07-05,best_match,2,0.0,20.5,0.0,27.4
puerto_montt,2026-07-05,best_match,3,0.0,22.3,0.0,27.4
puerto_montt,2026-07-05,best_match,4,0.0,22.3,0.0,27.4
puerto_montt,2026-07-05,best_match,5,0.0,24.5,0.0,27.4
puerto_montt,2026-07-05,best_match,6,0.0,24.8,0.0,27.4
puerto_montt,2026-07-05,best_match,7,0.0,24.1,0.0,27.4
puerto_montt,2026-07-05,ecmwf_ifs025,1,0.0,,0.0,27.4
puerto_montt,2026-07-05,ecmwf_ifs025,2,0.0,,0.0,27.4
puerto_montt,2026-07-05,ecmwf_ifs025,3,0.0,,0.0,27.4
puerto_montt,2026-07-05,ecmwf_ifs025,4,0.0,,0.0,27.4
puerto_montt,2026-07-05,ecmwf_ifs025,5,0.0,,0.0,27.4
puerto_montt,2026-07-05,ecmwf_ifs025,6,0.0,,0.0,27.4
puerto_montt,2026-07-05,ecmwf_ifs025,7,0.0,,0.0,27.4
puerto_montt,2026-07-05,gfs_seamless,1,0.0,12.2,0.0,27.4
puerto_montt,2026-07-05,gfs_seamless,2,0.0,12.6,0.0,27.4
puerto_montt,2026-07-05,gfs_seamless,3,0.0,12.2,0.0,27.4
puerto_montt,2026-07-05,gfs_seamless,4,0.0,15.8,0.0,27.4
puerto_montt,2026-07-05,gfs_seamless,5,0.0,11.2,0.0,27.4
puerto_montt,2026-07-05,gfs_seamless,6,0.0,7.6,0.0,27.4
puerto_montt,2026-07-05,gfs_seamless,7,0.0,24.1,0.0,27.4
puerto_montt,2026-07-05,icon_seamless,1,0.0,18.7,0.0,27.4
puerto_montt,2026-07-05,icon_seamless,2,0.0,20.5,0.0,27.4
puerto_montt,2026-07-05,icon_seamless,3,0.0,22.3,0.0,27.4
puerto_montt,2026-07-05,icon_seamless,4,0.0,22.3,0.0,27.4
puerto_montt,2026-07-05,icon_seamless,5,0.0,24.5,0.0,27.4
puerto_montt,2026-07-05,icon_seamless,6,0.0,24.8,0.0,27.4
puerto_montt,2026-07-06,best_match,1,8.600000000000001,37.8,11.9,67.0
puerto_montt,2026-07-06,best_match,2,8.500000000000002,57.2,11.9,67.0
puerto_montt,2026-07-06,best_match,3,3.5999999999999996,66.6,11.9,67.0
puerto_montt,2026-07-06,best_match,4,3.0,35.3,11.9,67.0
puerto_montt,2026-07-06,best_match,5,10.8,70.9,11.9,67.0
puerto_montt,2026-07-06,best_match,6,2.4000000000000004,47.2,11.9,67.0
puerto_montt,2026-07-06,best_match,7,0.0,12.2,11.9,67.0
puerto_montt,2026-07-06,ecmwf_ifs025,1,10.799999999999999,,11.9,67.0
puerto_montt,2026-07-06,ecmwf_ifs025,2,11.700000000000001,,11.9,67.0
puerto_montt,2026-07-06,ecmwf_ifs025,3,4.199999999999999,,11.9,67.0
puerto_montt,2026-07-06,ecmwf_ifs025,4,3.0,,11.9,67.0
puerto_montt,2026-07-06,ecmwf_ifs025,5,15.599999999999998,,11.9,67.0
puerto_montt,2026-07-06,ecmwf_ifs025,6,2.4000000000000004,,11.9,67.0
puerto_montt,2026-07-06,ecmwf_ifs025,7,0.0,,11.9,67.0
puerto_montt,2026-07-06,gfs_seamless,1,2.1,49.7,11.9,67.0
puerto_montt,2026-07-06,gfs_seamless,2,2.1,47.5,11.9,67.0
puerto_montt,2026-07-06,gfs_seamless,3,5.0,56.9,11.9,67.0
puerto_montt,2026-07-06,gfs_seamless,4,0.0,45.7,11.9,67.0
puerto_montt,2026-07-06,gfs_seamless,5,0.4,46.8,11.9,67.0
puerto_montt,2026-07-06,gfs_seamless,6,0.0,20.9,11.9,67.0
puerto_montt,2026-07-06,gfs_seamless,7,0.0,12.2,11.9,67.0
puerto_montt,2026-07-06,icon_seamless,1,5.5,37.8,11.9,67.0
puerto_montt,2026-07-06,icon_seamless,2,8.1,57.2,11.9,67.0
puerto_montt,2026-07-06,icon_seamless,3,6.9,66.6,11.9,67.0
puerto_montt,2026-07-06,icon_seamless,4,0.0,35.3,11.9,67.0
puerto_montt,2026-07-06,icon_seamless,5,3.1,70.9,11.9,67.0
puerto_montt,2026-07-06,icon_seamless,6,3.7,47.2,11.9,67.0
puerto_montt,2026-07-07,best_match,1,57.0,72.7,57.2,75.6
puerto_montt,2026-07-07,best_match,2,59.199999999999996,79.2,57.2,75.6
puerto_montt,2026-07-07,best_match,3,20.5,77.4,57.2,75.6
puerto_montt,2026-07-07,best_match,4,37.0,67.3,57.2,75.6
puerto_montt,2026-07-07,best_match,5,46.900000000000006,70.9,57.2,75.6
puerto_montt,2026-07-07,best_match,6,10.4,74.2,57.2,75.6
puerto_montt,2026-07-07,best_match,7,17.0,77.4,57.2,75.6
puerto_montt,2026-07-07,ecmwf_ifs025,1,52.800000000000004,,57.2,75.6
puerto_montt,2026-07-07,ecmwf_ifs025,2,49.2,,57.2,75.6
puerto_montt,2026-07-07,ecmwf_ifs025,3,22.8,,57.2,75.6
puerto_montt,2026-07-07,ecmwf_ifs025,4,28.799999999999997,,57.2,75.6
puerto_montt,2026-07-07,ecmwf_ifs025,5,38.699999999999996,,57.2,75.6
puerto_montt,2026-07-07,ecmwf_ifs025,6,8.100000000000001,,57.2,75.6
puerto_montt,2026-07-07,ecmwf_ifs025,7,14.100000000000001,,57.2,75.6
puerto_montt,2026-07-07,gfs_seamless,1,79.7,58.0,57.2,75.6
puerto_montt,2026-07-07,gfs_seamless,2,58.2,59.8,57.2,75.6
puerto_montt,2026-07-07,gfs_seamless,3,92.10000000000001,58.7,57.2,75.6
puerto_montt,2026-07-07,gfs_seamless,4,54.1,69.5,57.2,75.6
puerto_montt,2026-07-07,gfs_seamless,5,23.400000000000002,58.7,57.2,75.6
puerto_montt,2026-07-07,gfs_seamless,6,11.7,55.1,57.2,75.6
puerto_montt,2026-07-07,gfs_seamless,7,5.4,77.4,57.2,75.6
puerto_montt,2026-07-07,icon_seamless,1,49.5,72.7,57.2,75.6
puerto_montt,2026-07-07,icon_seamless,2,25.300000000000004,79.2,57.2,75.6
puerto_montt,2026-07-07,icon_seamless,3,26.799999999999997,77.4,57.2,75.6
puerto_montt,2026-07-07,icon_seamless,4,8.5,67.3,57.2,75.6
puerto_montt,2026-07-07,icon_seamless,5,34.8,70.9,57.2,75.6
puerto_montt,2026-07-07,icon_seamless,6,22.4,74.2,57.2,75.6
puerto_montt,2026-07-08,best_match,1,29.3,55.4,54.2,71.3
puerto_montt,2026-07-08,best_match,2,24.9,17.3,54.2,71.3
puerto_montt,2026-07-08,best_match,3,17.4,24.5,54.2,71.3
puerto_montt,2026-07-08,best_match,4,17.5,40.3,54.2,71.3
puerto_montt,2026-07-08,best_match,5,23.200000000000003,30.6,54.2,71.3
puerto_montt,2026-07-08,best_match,6,17.1,46.8,54.2,71.3
puerto_montt,2026-07-08,best_match,7,12.600000000000001,51.5,54.2,71.3
puerto_montt,2026-07-08,ecmwf_ifs025,1,30.0,,54.2,71.3
puerto_montt,2026-07-08,ecmwf_ifs025,2,21.9,,54.2,71.3
puerto_montt,2026-07-08,ecmwf_ifs025,3,19.2,,54.2,71.3
puerto_montt,2026-07-08,ecmwf_ifs025,4,7.2,,54.2,71.3
puerto_montt,2026-07-08,ecmwf_ifs025,5,18.0,,54.2,71.3
puerto_montt,2026-07-08,ecmwf_ifs025,6,12.9,,54.2,71.3
puerto_montt,2026-07-08,ecmwf_ifs025,7,7.5,,54.2,71.3
puerto_montt,2026-07-08,gfs_seamless,1,76.19999999999999,52.2,54.2,71.3
puerto_montt,2026-07-08,gfs_seamless,2,98.2,48.6,54.2,71.3
puerto_montt,2026-07-08,gfs_seamless,3,35.7,40.0,54.2,71.3
puerto_montt,2026-07-08,gfs_seamless,4,0.2,28.1,54.2,71.3
puerto_montt,2026-07-08,gfs_seamless,5,2.0,46.4,54.2,71.3
puerto_montt,2026-07-08,gfs_seamless,6,9.200000000000001,61.9,54.2,71.3
puerto_montt,2026-07-08,gfs_seamless,7,8.4,51.5,54.2,71.3
puerto_montt,2026-07-08,icon_seamless,1,57.400000000000006,55.4,54.2,71.3
puerto_montt,2026-07-08,icon_seamless,2,5.199999999999999,17.3,54.2,71.3
puerto_montt,2026-07-08,icon_seamless,3,6.3999999999999995,24.5,54.2,71.3
puerto_montt,2026-07-08,icon_seamless,4,21.599999999999998,40.3,54.2,71.3
puerto_montt,2026-07-08,icon_seamless,5,19.3,30.6,54.2,71.3
puerto_montt,2026-07-08,icon_seamless,6,0.9000000000000001,46.8,54.2,71.3
puerto_montt,2026-07-09,best_match,1,0.0,23.4,0.0,25.6
puerto_montt,2026-07-09,best_match,2,0.0,26.6,0.0,25.6
puerto_montt,2026-07-09,best_match,3,0.0,11.2,0.0,25.6
puerto_montt,2026-07-09,best_match,4,15.5,39.2,0.0,25.6
puerto_montt,2026-07-09,best_match,5,17.099999999999998,45.4,0.0,25.6
puerto_montt,2026-07-09,best_match,6,29.4,20.2,0.0,25.6
puerto_montt,2026-07-09,best_match,7,10.799999999999999,33.5,0.0,25.6
puerto_montt,2026-07-09,ecmwf_ifs025,1,0.0,,0.0,25.6
puerto_montt,2026-07-09,ecmwf_ifs025,2,0.0,,0.0,25.6
puerto_montt,2026-07-09,ecmwf_ifs025,3,0.0,,0.0,25.6
puerto_montt,2026-07-09,ecmwf_ifs025,4,14.100000000000001,,0.0,25.6
puerto_montt,2026-07-09,ecmwf_ifs025,5,13.8,,0.0,25.6
puerto_montt,2026-07-09,ecmwf_ifs025,6,37.2,,0.0,25.6
puerto_montt,2026-07-09,ecmwf_ifs025,7,15.0,,0.0,25.6
puerto_montt,2026-07-09,gfs_seamless,1,1.9000000000000001,27.0,0.0,25.6
puerto_montt,2026-07-09,gfs_seamless,2,0.5,17.6,0.0,25.6
puerto_montt,2026-07-09,gfs_seamless,3,0.4,27.0,0.0,25.6
puerto_montt,2026-07-09,gfs_seamless,4,4.2,41.8,0.0,25.6
puerto_montt,2026-07-09,gfs_seamless,5,0.1,13.7,0.0,25.6
puerto_montt,2026-07-09,gfs_seamless,6,0.0,13.3,0.0,25.6
puerto_montt,2026-07-09,gfs_seamless,7,7.1000000000000005,33.5,0.0,25.6
puerto_montt,2026-07-09,icon_seamless,1,0.0,23.4,0.0,25.6
puerto_montt,2026-07-09,icon_seamless,2,0.0,26.6,0.0,25.6
puerto_montt,2026-07-09,icon_seamless,3,0.6,11.2,0.0,25.6
puerto_montt,2026-07-09,icon_seamless,4,1.8,39.2,0.0,25.6
puerto_montt,2026-07-09,icon_seamless,5,12.5,45.4,0.0,25.6
puerto_montt,2026-07-09,icon_seamless,6,14.7,20.2,0.0,25.6
puerto_montt,2026-07-10,best_match,1,0.1,12.6,0.0,30.6
puerto_montt,2026-07-10,best_match,2,0.8,18.7,0.0,30.6
puerto_montt,2026-07-10,best_match,3,6.0,36.0,0.0,30.6
puerto_montt,2026-07-10,best_match,4,4.300000000000001,22.0,0.0,30.6
puerto_montt,2026-07-10,best_match,5,6.8999999999999995,32.8,0.0,30.6
puerto_montt,2026-07-10,best_match,6,12.9,33.1,0.0,30.6
puerto_montt,2026-07-10,best_match,7,8.3,49.3,0.0,30.6
puerto_montt,2026-07-10,ecmwf_ifs025,1,0.0,,0.0,30.6
puerto_montt,2026-07-10,ecmwf_ifs025,2,0.0,,0.0,30.6
puerto_montt,2026-07-10,ecmwf_ifs025,3,3.5999999999999996,,0.0,30.6
puerto_montt,2026-07-10,ecmwf_ifs025,4,1.2000000000000002,,0.0,30.6
puerto_montt,2026-07-10,ecmwf_ifs025,5,5.1000000000000005,,0.0,30.6
puerto_montt,2026-07-10,ecmwf_ifs025,6,12.3,,0.0,30.6
puerto_montt,2026-07-10,ecmwf_ifs025,7,10.2,,0.0,30.6
puerto_montt,2026-07-10,gfs_seamless,1,0.0,8.6,0.0,30.6
puerto_montt,2026-07-10,gfs_seamless,2,8.2,38.2,0.0,30.6
puerto_montt,2026-07-10,gfs_seamless,3,27.5,58.7,0.0,30.6
puerto_montt,2026-07-10,gfs_seamless,4,12.299999999999999,50.4,0.0,30.6
puerto_montt,2026-07-10,gfs_seamless,5,2.4,51.1,0.0,30.6
puerto_montt,2026-07-10,gfs_seamless,6,5.0,57.2,0.0,30.6
puerto_montt,2026-07-10,gfs_seamless,7,4.9,49.3,0.0,30.6
puerto_montt,2026-07-10,icon_seamless,1,0.0,12.6,0.0,30.6
puerto_montt,2026-07-10,icon_seamless,2,15.4,18.7,0.0,30.6
puerto_montt,2026-07-10,icon_seamless,3,4.699999999999999,36.0,0.0,30.6
puerto_montt,2026-07-10,icon_seamless,4,7.6000000000000005,22.0,0.0,30.6
puerto_montt,2026-07-10,icon_seamless,5,4.0,32.8,0.0,30.6
puerto_montt,2026-07-10,icon_seamless,6,3.3000000000000007,33.1,0.0,30.6
puerto_montt,2026-07-11,best_match,1,0.1,10.1,0.0,22.0
puerto_montt,2026-07-11,best_match,2,0.0,16.2,0.0,22.0
puerto_montt,2026-07-11,best_match,3,0.0,27.0,0.0,22.0
puerto_montt,2026-07-11,best_match,4,0.0,13.3,0.0,22.0
puerto_montt,2026-07-11,best_match,5,3.9,19.4,0.0,22.0
puerto_montt,2026-07-11,best_match,6,17.5,24.5,0.0,22.0
puerto_montt,2026-07-11,best_match,7,9.100000000000001,41.4,0.0,22.0
puerto_montt,2026-07-11,ecmwf_ifs025,1,0.0,,0.0,22.0
puerto_montt,2026-07-11,ecmwf_ifs025,2,0.0,,0.0,22.0
puerto_montt,2026-07-11,ecmwf_ifs025,3,0.0,,0.0,22.0
puerto_montt,2026-07-11,ecmwf_ifs025,4,0.30000000000000004,,0.0,22.0
puerto_montt,2026-07-11,ecmwf_ifs025,5,3.6,,0.0,22.0
puerto_montt,2026-07-11,ecmwf_ifs025,6,11.7,,0.0,22.0
puerto_montt,2026-07-11,ecmwf_ifs025,7,7.499999999999999,,0.0,22.0
puerto_montt,2026-07-11,gfs_seamless,1,0.0,18.7,0.0,22.0
puerto_montt,2026-07-11,gfs_seamless,2,0.1,22.0,0.0,22.0
puerto_montt,2026-07-11,gfs_seamless,3,2.2,50.0,0.0,22.0
puerto_montt,2026-07-11,gfs_seamless,4,1.4,23.0,0.0,22.0
puerto_montt,2026-07-11,gfs_seamless,5,3.8000000000000003,34.2,0.0,22.0
puerto_montt,2026-07-11,gfs_seamless,6,4.0,37.8,0.0,22.0
puerto_montt,2026-07-11,gfs_seamless,7,2.7,41.4,0.0,22.0
puerto_montt,2026-07-11,icon_seamless,1,0.0,10.1,0.0,22.0
puerto_montt,2026-07-11,icon_seamless,2,0.30000000000000004,16.2,0.0,22.0
puerto_montt,2026-07-11,icon_seamless,3,4.5,27.0,0.0,22.0
puerto_montt,2026-07-11,icon_seamless,4,0.0,13.3,0.0,22.0
puerto_montt,2026-07-11,icon_seamless,5,1.2000000000000002,19.4,0.0,22.0
puerto_montt,2026-07-11,icon_seamless,6,20.0,24.5,0.0,22.0
puerto_montt,2026-07-12,best_match,1,1.0,49.7,3.5,59.0
puerto_montt,2026-07-12,best_match,2,1.4000000000000001,49.7,3.5,59.0
puerto_montt,2026-07-12,best_match,3,1.4,56.2,3.5,59.0
puerto_montt,2026-07-12,best_match,4,1.0999999999999999,48.2,3.5,59.0
puerto_montt,2026-07-12,best_match,5,9.7,76.7,3.5,59.0
puerto_montt,2026-07-12,best_match,6,17.9,73.4,3.5,59.0
puerto_montt,2026-07-12,best_match,7,15.000000000000002,35.3,3.5,59.0
puerto_montt,2026-07-12,ecmwf_ifs025,1,0.8999999999999999,,3.5,59.0
puerto_montt,2026-07-12,ecmwf_ifs025,2,2.7,,3.5,59.0
puerto_montt,2026-07-12,ecmwf_ifs025,3,2.7,,3.5,59.0
puerto_montt,2026-07-12,ecmwf_ifs025,4,0.6000000000000001,,3.5,59.0
puerto_montt,2026-07-12,ecmwf_ifs025,5,8.1,,3.5,59.0
puerto_montt,2026-07-12,ecmwf_ifs025,6,21.0,,3.5,59.0
puerto_montt,2026-07-12,ecmwf_ifs025,7,9.9,,3.5,59.0
puerto_montt,2026-07-12,gfs_seamless,1,0.0,58.7,3.5,59.0
puerto_montt,2026-07-12,gfs_seamless,2,0.4,51.8,3.5,59.0
puerto_montt,2026-07-12,gfs_seamless,3,0.4,51.5,3.5,59.0
puerto_montt,2026-07-12,gfs_seamless,4,0.1,43.6,3.5,59.0
puerto_montt,2026-07-12,gfs_seamless,5,0.7000000000000001,18.0,3.5,59.0
puerto_montt,2026-07-12,gfs_seamless,6,0.0,25.9,3.5,59.0
puerto_montt,2026-07-12,gfs_seamless,7,0.2,35.3,3.5,59.0
puerto_montt,2026-07-12,icon_seamless,1,3.4,49.7,3.5,59.0
puerto_montt,2026-07-12,icon_seamless,2,0.7000000000000001,49.7,3.5,59.0
puerto_montt,2026-07-12,icon_seamless,3,14.5,56.2,3.5,59.0
puerto_montt,2026-07-12,icon_seamless,4,4.2,48.2,3.5,59.0
puerto_montt,2026-07-12,icon_seamless,5,18.4,76.7,3.5,59.0
puerto_montt,2026-07-12,icon_seamless,6,6.3,73.4,3.5,59.0
puerto_montt,2026-07-13,best_match,1,14.4,60.5,15.0,59.8
puerto_montt,2026-07-13,best_match,2,14.9,52.6,15.0,59.8
puerto_montt,2026-07-13,best_match,3,5.8,64.8,15.0,59.8
puerto_montt,2026-07-13,best_match,4,15.500000000000004,63.7,15.0,59.8
puerto_montt,2026-07-13,best_match,5,30.0,73.4,15.0,59.8
puerto_montt,2026-07-13,best_match,6,18.8,48.6,15.0,59.8
puerto_montt,2026-07-13,best_match,7,15.0,55.8,15.0,59.8
puerto_montt,2026-07-13,ecmwf_ifs025,1,13.799999999999999,,15.0,59.8
puerto_montt,2026-07-13,ecmwf_ifs025,2,9.0,,15.0,59.8
puerto_montt,2026-07-13,ecmwf_ifs025,3,13.200000000000001,,15.0,59.8
puerto_montt,2026-07-13,ecmwf_ifs025,4,10.8,,15.0,59.8
puerto_montt,2026-07-13,ecmwf_ifs025,5,24.3,,15.0,59.8
puerto_montt,2026-07-13,ecmwf_ifs025,6,15.0,,15.0,59.8
puerto_montt,2026-07-13,ecmwf_ifs025,7,7.200000000000001,,15.0,59.8
puerto_montt,2026-07-13,gfs_seamless,1,13.3,56.2,15.0,59.8
puerto_montt,2026-07-13,gfs_seamless,2,16.7,45.7,15.0,59.8
puerto_montt,2026-07-13,gfs_seamless,3,11.100000000000001,51.8,15.0,59.8
puerto_montt,2026-07-13,gfs_seamless,4,6.8,55.1,15.0,59.8
puerto_montt,2026-07-13,gfs_seamless,5,13.600000000000001,42.1,15.0,59.8
puerto_montt,2026-07-13,gfs_seamless,6,5.6,51.1,15.0,59.8
puerto_montt,2026-07-13,gfs_seamless,7,8.4,55.8,15.0,59.8
puerto_montt,2026-07-13,icon_seamless,1,5.1000000000000005,60.5,15.0,59.8
puerto_montt,2026-07-13,icon_seamless,2,14.3,52.6,15.0,59.8
puerto_montt,2026-07-13,icon_seamless,3,9.200000000000001,64.8,15.0,59.8
puerto_montt,2026-07-13,icon_seamless,4,19.2,63.7,15.0,59.8
puerto_montt,2026-07-13,icon_seamless,5,9.6,73.4,15.0,59.8
puerto_montt,2026-07-13,icon_seamless,6,12.0,48.6,15.0,59.8
puerto_montt,2026-07-14,best_match,1,16.0,64.8,15.8,74.2
puerto_montt,2026-07-14,best_match,2,11.8,55.4,15.8,74.2
puerto_montt,2026-07-14,best_match,3,8.9,31.3,15.8,74.2
puerto_montt,2026-07-14,best_match,4,12.100000000000001,48.2,15.8,74.2
puerto_montt,2026-07-14,best_match,5,19.900000000000002,70.9,15.8,74.2
puerto_montt,2026-07-14,best_match,6,11.2,42.8,15.8,74.2
puerto_montt,2026-07-14,best_match,7,6.6000000000000005,48.2,15.8,74.2
puerto_montt,2026-07-14,ecmwf_ifs025,1,14.399999999999999,,15.8,74.2
puerto_montt,2026-07-14,ecmwf_ifs025,2,9.9,,15.8,74.2
puerto_montt,2026-07-14,ecmwf_ifs025,3,11.4,,15.8,74.2
puerto_montt,2026-07-14,ecmwf_ifs025,4,6.3,,15.8,74.2
puerto_montt,2026-07-14,ecmwf_ifs025,5,8.7,,15.8,74.2
puerto_montt,2026-07-14,ecmwf_ifs025,6,10.8,,15.8,74.2
puerto_montt,2026-07-14,ecmwf_ifs025,7,4.800000000000001,,15.8,74.2
puerto_montt,2026-07-14,gfs_seamless,1,19.9,62.3,15.8,74.2
puerto_montt,2026-07-14,gfs_seamless,2,21.6,57.6,15.8,74.2
puerto_montt,2026-07-14,gfs_seamless,3,2.0,38.5,15.8,74.2
puerto_montt,2026-07-14,gfs_seamless,4,5.4,41.8,15.8,74.2
puerto_montt,2026-07-14,gfs_seamless,5,2.6,45.4,15.8,74.2
puerto_montt,2026-07-14,gfs_seamless,6,0.7999999999999999,46.4,15.8,74.2
puerto_montt,2026-07-14,gfs_seamless,7,4.199999999999999,48.2,15.8,74.2
puerto_montt,2026-07-14,icon_seamless,1,17.0,64.8,15.8,74.2
puerto_montt,2026-07-14,icon_seamless,2,9.0,55.4,15.8,74.2
puerto_montt,2026-07-14,icon_seamless,3,2.5,31.3,15.8,74.2
puerto_montt,2026-07-14,icon_seamless,4,2.7,48.2,15.8,74.2
puerto_montt,2026-07-14,icon_seamless,5,15.6,70.9,15.8,74.2
puerto_montt,2026-07-14,icon_seamless,6,20.1,42.8,15.8,74.2
puerto_montt,2026-07-15,best_match,1,11.5,54.4,8.1,55.1
puerto_montt,2026-07-15,best_match,2,12.4,64.1,8.1,55.1
puerto_montt,2026-07-15,best_match,3,9.2,51.5,8.1,55.1
puerto_montt,2026-07-15,best_match,4,31.099999999999998,58.3,8.1,55.1
puerto_montt,2026-07-15,best_match,5,21.099999999999998,39.6,8.1,55.1
puerto_montt,2026-07-15,best_match,6,18.1,44.6,8.1,55.1
puerto_montt,2026-07-15,best_match,7,2.1,45.4,8.1,55.1
puerto_montt,2026-07-15,ecmwf_ifs025,1,13.200000000000001,,8.1,55.1
puerto_montt,2026-07-15,ecmwf_ifs025,2,16.5,,8.1,55.1
puerto_montt,2026-07-15,ecmwf_ifs025,3,11.7,,8.1,55.1
puerto_montt,2026-07-15,ecmwf_ifs025,4,27.6,,8.1,55.1
puerto_montt,2026-07-15,ecmwf_ifs025,5,27.3,,8.1,55.1
puerto_montt,2026-07-15,ecmwf_ifs025,6,20.7,,8.1,55.1
puerto_montt,2026-07-15,ecmwf_ifs025,7,2.4000000000000004,,8.1,55.1
puerto_montt,2026-07-15,gfs_seamless,1,6.699999999999999,45.7,8.1,55.1
puerto_montt,2026-07-15,gfs_seamless,2,8.0,43.9,8.1,55.1
puerto_montt,2026-07-15,gfs_seamless,3,17.6,50.0,8.1,55.1
puerto_montt,2026-07-15,gfs_seamless,4,7.1000000000000005,50.8,8.1,55.1
puerto_montt,2026-07-15,gfs_seamless,5,7.6000000000000005,46.1,8.1,55.1
puerto_montt,2026-07-15,gfs_seamless,6,0.4,43.6,8.1,55.1
puerto_montt,2026-07-15,gfs_seamless,7,0.9,45.4,8.1,55.1
puerto_montt,2026-07-15,icon_seamless,1,7.299999999999999,54.4,8.1,55.1
puerto_montt,2026-07-15,icon_seamless,2,4.9,64.1,8.1,55.1
puerto_montt,2026-07-15,icon_seamless,3,5.800000000000001,51.5,8.1,55.1
puerto_montt,2026-07-15,icon_seamless,4,4.9,58.3,8.1,55.1
puerto_montt,2026-07-15,icon_seamless,5,1.5,39.6,8.1,55.1
puerto_montt,2026-07-15,icon_seamless,6,11.1,44.6,8.1,55.1
puerto_montt,2026-07-16,best_match,1,25.299999999999997,85.0,24.2,97.2
puerto_montt,2026-07-16,best_match,2,30.799999999999997,64.4,24.2,97.2
puerto_montt,2026-07-16,best_match,3,24.6,71.3,24.2,97.2
puerto_montt,2026-07-16,best_match,4,9.100000000000001,42.1,24.2,97.2
puerto_montt,2026-07-16,best_match,5,5.800000000000001,28.8,24.2,97.2
puerto_montt,2026-07-16,best_match,6,15.8,37.8,24.2,97.2
puerto_montt,2026-07-16,best_match,7,18.199999999999996,87.5,24.2,97.2
puerto_montt,2026-07-16,ecmwf_ifs025,1,26.1,,24.2,97.2
puerto_montt,2026-07-16,ecmwf_ifs025,2,30.9,,24.2,97.2
puerto_montt,2026-07-16,ecmwf_ifs025,3,25.8,,24.2,97.2
puerto_montt,2026-07-16,ecmwf_ifs025,4,9.6,,24.2,97.2
puerto_montt,2026-07-16,ecmwf_ifs025,5,5.1,,24.2,97.2
puerto_montt,2026-07-16,ecmwf_ifs025,6,12.6,,24.2,97.2
puerto_montt,2026-07-16,ecmwf_ifs025,7,24.3,,24.2,97.2
puerto_montt,2026-07-16,gfs_seamless,1,34.0,89.6,24.2,97.2
puerto_montt,2026-07-16,gfs_seamless,2,16.1,84.2,24.2,97.2
puerto_montt,2026-07-16,gfs_seamless,3,27.8,79.2,24.2,97.2
puerto_montt,2026-07-16,gfs_seamless,4,23.2,74.5,24.2,97.2
puerto_montt,2026-07-16,gfs_seamless,5,11.3,82.4,24.2,97.2
puerto_montt,2026-07-16,gfs_seamless,6,13.9,71.6,24.2,97.2
puerto_montt,2026-07-16,gfs_seamless,7,16.9,87.5,24.2,97.2
puerto_montt,2026-07-16,icon_seamless,1,45.5,85.0,24.2,97.2
puerto_montt,2026-07-16,icon_seamless,2,37.400000000000006,64.4,24.2,97.2
puerto_montt,2026-07-16,icon_seamless,3,22.7,71.3,24.2,97.2
puerto_montt,2026-07-16,icon_seamless,4,10.8,42.1,24.2,97.2
puerto_montt,2026-07-16,icon_seamless,5,4.4,28.8,24.2,97.2
puerto_montt,2026-07-16,icon_seamless,6,19.0,37.8,24.2,97.2
puerto_montt,2026-07-17,best_match,1,3.8,19.8,3.9,59.0
puerto_montt,2026-07-17,best_match,2,8.4,22.3,3.9,59.0
puerto_montt,2026-07-17,best_match,3,3.6,72.4,3.9,59.0
puerto_montt,2026-07-17,best_match,4,1.7000000000000002,92.2,3.9,59.0
puerto_montt,2026-07-17,best_match,5,5.300000000000001,22.7,3.9,59.0
puerto_montt,2026-07-17,best_match,6,3.8,71.3,3.9,59.0
puerto_montt,2026-07-17,best_match,7,0.1,83.2,3.9,59.0
puerto_montt,2026-07-17,ecmwf_ifs025,1,2.7,,3.9,59.0
puerto_montt,2026-07-17,ecmwf_ifs025,2,3.3,,3.9,59.0
puerto_montt,2026-07-17,ecmwf_ifs025,3,0.6000000000000001,,3.9,59.0
puerto_montt,2026-07-17,ecmwf_ifs025,4,1.2,,3.9,59.0
puerto_montt,2026-07-17,ecmwf_ifs025,5,0.6000000000000001,,3.9,59.0
puerto_montt,2026-07-17,ecmwf_ifs025,6,0.8999999999999999,,3.9,59.0
puerto_montt,2026-07-17,ecmwf_ifs025,7,0.9,,3.9,59.0
puerto_montt,2026-07-17,gfs_seamless,1,14.899999999999999,36.4,3.9,59.0
puerto_montt,2026-07-17,gfs_seamless,2,9.7,25.2,3.9,59.0
puerto_montt,2026-07-17,gfs_seamless,3,4.1,76.7,3.9,59.0
puerto_montt,2026-07-17,gfs_seamless,4,5.7,76.7,3.9,59.0
puerto_montt,2026-07-17,gfs_seamless,5,6.5,81.0,3.9,59.0
puerto_montt,2026-07-17,gfs_seamless,6,8.0,73.1,3.9,59.0
puerto_montt,2026-07-17,gfs_seamless,7,14.2,83.2,3.9,59.0
puerto_montt,2026-07-17,icon_seamless,1,0.30000000000000004,19.8,3.9,59.0
puerto_montt,2026-07-17,icon_seamless,2,3.5,22.3,3.9,59.0
puerto_montt,2026-07-17,icon_seamless,3,1.8000000000000003,72.4,3.9,59.0
puerto_montt,2026-07-17,icon_seamless,4,21.799999999999997,92.2,3.9,59.0
puerto_montt,2026-07-17,icon_seamless,5,11.400000000000002,22.7,3.9,59.0
puerto_montt,2026-07-17,icon_seamless,6,24.7,71.3,3.9,59.0
puerto_montt,2026-07-18,best_match,1,0.6000000000000001,31.7,0.6,38.9
puerto_montt,2026-07-18,best_match,2,0.7000000000000001,38.5,0.6,38.9
puerto_montt,2026-07-18,best_match,3,0.0,22.0,0.6,38.9
puerto_montt,2026-07-18,best_match,4,0.2,32.4,0.6,38.9
puerto_montt,2026-07-18,best_match,5,0.0,18.0,0.6,38.9
puerto_montt,2026-07-18,best_match,6,0.0,76.3,0.6,38.9
puerto_montt,2026-07-18,best_match,7,1.9000000000000001,63.0,0.6,38.9
puerto_montt,2026-07-18,ecmwf_ifs025,1,0.0,,0.6,38.9
puerto_montt,2026-07-18,ecmwf_ifs025,2,0.0,,0.6,38.9
puerto_montt,2026-07-18,ecmwf_ifs025,3,0.0,,0.6,38.9
puerto_montt,2026-07-18,ecmwf_ifs025,4,0.0,,0.6,38.9
puerto_montt,2026-07-18,ecmwf_ifs025,5,0.0,,0.6,38.9
puerto_montt,2026-07-18,ecmwf_ifs025,6,0.0,,0.6,38.9
puerto_montt,2026-07-18,ecmwf_ifs025,7,3.9000000000000004,,0.6,38.9
puerto_montt,2026-07-18,gfs_seamless,1,0.0,30.6,0.6,38.9
puerto_montt,2026-07-18,gfs_seamless,2,14.0,38.2,0.6,38.9
puerto_montt,2026-07-18,gfs_seamless,3,0.4,23.4,0.6,38.9
puerto_montt,2026-07-18,gfs_seamless,4,2.6,31.0,0.6,38.9
puerto_montt,2026-07-18,gfs_seamless,5,0.8,34.2,0.6,38.9
puerto_montt,2026-07-18,gfs_seamless,6,0.7,74.2,0.6,38.9
puerto_montt,2026-07-18,gfs_seamless,7,7.5,63.0,0.6,38.9
puerto_montt,2026-07-18,icon_seamless,1,0.0,31.7,0.6,38.9
puerto_montt,2026-07-18,icon_seamless,2,0.0,38.5,0.6,38.9
puerto_montt,2026-07-18,icon_seamless,3,0.0,22.0,0.6,38.9
puerto_montt,2026-07-18,icon_seamless,4,0.30000000000000004,32.4,0.6,38.9
puerto_montt,2026-07-18,icon_seamless,5,0.0,18.0,0.6,38.9
puerto_montt,2026-07-18,icon_seamless,6,4.1,76.3,0.6,38.9
rancagua,2026-07-04,best_match,1,5.4,21.2,0.8,19.8
rancagua,2026-07-04,best_match,2,14.8,17.3,0.8,19.8
rancagua,2026-07-04,best_match,3,6.0,23.8,0.8,19.8
rancagua,2026-07-04,best_match,4,12.200000000000001,21.6,0.8,19.8
rancagua,2026-07-04,best_match,5,0.0,21.6,0.8,19.8
rancagua,2026-07-04,best_match,6,4.800000000000001,18.7,0.8,19.8
rancagua,2026-07-04,best_match,7,0.6000000000000001,6.8,0.8,19.8
rancagua,2026-07-04,ecmwf_ifs025,1,6.0,,0.8,19.8
rancagua,2026-07-04,ecmwf_ifs025,2,19.8,,0.8,19.8
rancagua,2026-07-04,ecmwf_ifs025,3,12.899999999999999,,0.8,19.8
rancagua,2026-07-04,ecmwf_ifs025,4,17.700000000000003,,0.8,19.8
rancagua,2026-07-04,ecmwf_ifs025,5,0.6000000000000001,,0.8,19.8
rancagua,2026-07-04,ecmwf_ifs025,6,4.800000000000001,,0.8,19.8
rancagua,2026-07-04,ecmwf_ifs025,7,4.5,,0.8,19.8
rancagua,2026-07-04,gfs_seamless,1,0.0,13.7,0.8,19.8
rancagua,2026-07-04,gfs_seamless,2,0.4,16.9,0.8,19.8
rancagua,2026-07-04,gfs_seamless,3,0.8,18.0,0.8,19.8
rancagua,2026-07-04,gfs_seamless,4,2.7,11.9,0.8,19.8
rancagua,2026-07-04,gfs_seamless,5,3.0000000000000004,15.1,0.8,19.8
rancagua,2026-07-04,gfs_seamless,6,0.0,4.7,0.8,19.8
rancagua,2026-07-04,gfs_seamless,7,0.0,6.8,0.8,19.8
rancagua,2026-07-04,icon_seamless,1,1.9,21.2,0.8,19.8
rancagua,2026-07-04,icon_seamless,2,3.0000000000000004,17.3,0.8,19.8
rancagua,2026-07-04,icon_seamless,3,5.7,23.8,0.8,19.8
rancagua,2026-07-04,icon_seamless,4,0.7,21.6,0.8,19.8
rancagua,2026-07-04,icon_seamless,5,3.8,21.6,0.8,19.8
rancagua,2026-07-04,icon_seamless,6,0.7,18.7,0.8,19.8
rancagua,2026-07-05,best_match,1,10.0,17.6,1.1,16.2
rancagua,2026-07-05,best_match,2,6.300000000000001,16.9,1.1,16.2
rancagua,2026-07-05,best_match,3,4.3999999999999995,25.6,1.1,16.2
rancagua,2026-07-05,best_match,4,0.6,19.1,1.1,16.2
rancagua,2026-07-05,best_match,5,0.1,22.0,1.1,16.2
rancagua,2026-07-05,best_match,6,0.0,15.1,1.1,16.2
rancagua,2026-07-05,best_match,7,0.0,11.5,1.1,16.2
rancagua,2026-07-05,ecmwf_ifs025,1,4.8,,1.1,16.2
rancagua,2026-07-05,ecmwf_ifs025,2,7.800000000000001,,1.1,16.2
rancagua,2026-07-05,ecmwf_ifs025,3,8.1,,1.1,16.2
rancagua,2026-07-05,ecmwf_ifs025,4,0.0,,1.1,16.2
rancagua,2026-07-05,ecmwf_ifs025,5,0.30000000000000004,,1.1,16.2
rancagua,2026-07-05,ecmwf_ifs025,6,0.0,,1.1,16.2
rancagua,2026-07-05,ecmwf_ifs025,7,0.0,,1.1,16.2
rancagua,2026-07-05,gfs_seamless,1,1.1,7.6,1.1,16.2
rancagua,2026-07-05,gfs_seamless,2,1.6,10.1,1.1,16.2
rancagua,2026-07-05,gfs_seamless,3,0.0,8.6,1.1,16.2
rancagua,2026-07-05,gfs_seamless,4,0.3,15.5,1.1,16.2
rancagua,2026-07-05,gfs_seamless,5,0.0,7.9,1.1,16.2
rancagua,2026-07-05,gfs_seamless,6,0.0,9.0,1.1,16.2
rancagua,2026-07-05,gfs_seamless,7,0.0,11.5,1.1,16.2
rancagua,2026-07-05,icon_seamless,1,0.4,17.6,1.1,16.2
rancagua,2026-07-05,icon_seamless,2,0.30000000000000004,16.9,1.1,16.2
rancagua,2026-07-05,icon_seamless,3,0.0,25.6,1.1,16.2
rancagua,2026-07-05,icon_seamless,4,0.0,19.1,1.1,16.2
rancagua,2026-07-05,icon_seamless,5,1.2,22.0,1.1,16.2
rancagua,2026-07-05,icon_seamless,6,0.0,15.1,1.1,16.2
rancagua,2026-07-06,best_match,1,0.0,10.1,0.0,19.8
rancagua,2026-07-06,best_match,2,0.0,11.2,0.0,19.8
rancagua,2026-07-06,best_match,3,0.0,11.9,0.0,19.8
rancagua,2026-07-06,best_match,4,0.0,11.9,0.0,19.8
rancagua,2026-07-06,best_match,5,0.0,10.8,0.0,19.8
rancagua,2026-07-06,best_match,6,0.0,11.9,0.0,19.8
rancagua,2026-07-06,best_match,7,0.0,6.1,0.0,19.8
rancagua,2026-07-06,ecmwf_ifs025,1,0.0,,0.0,19.8
rancagua,2026-07-06,ecmwf_ifs025,2,0.0,,0.0,19.8
rancagua,2026-07-06,ecmwf_ifs025,3,0.0,,0.0,19.8
rancagua,2026-07-06,ecmwf_ifs025,4,0.0,,0.0,19.8
rancagua,2026-07-06,ecmwf_ifs025,5,0.0,,0.0,19.8
rancagua,2026-07-06,ecmwf_ifs025,6,0.0,,0.0,19.8
rancagua,2026-07-06,ecmwf_ifs025,7,0.0,,0.0,19.8
rancagua,2026-07-06,gfs_seamless,1,0.0,8.6,0.0,19.8
rancagua,2026-07-06,gfs_seamless,2,0.0,7.2,0.0,19.8
rancagua,2026-07-06,gfs_seamless,3,0.0,8.3,0.0,19.8
rancagua,2026-07-06,gfs_seamless,4,0.0,6.1,0.0,19.8
rancagua,2026-07-06,gfs_seamless,5,0.0,7.2,0.0,19.8
rancagua,2026-07-06,gfs_seamless,6,0.0,5.4,0.0,19.8
rancagua,2026-07-06,gfs_seamless,7,0.0,6.1,0.0,19.8
rancagua,2026-07-06,icon_seamless,1,0.0,10.1,0.0,19.8
rancagua,2026-07-06,icon_seamless,2,0.0,11.2,0.0,19.8
rancagua,2026-07-06,icon_seamless,3,0.0,11.9,0.0,19.8
rancagua,2026-07-06,icon_seamless,4,0.0,11.9,0.0,19.8
rancagua,2026-07-06,icon_seamless,5,0.0,10.8,0.0,19.8
rancagua,2026-07-06,icon_seamless,6,0.0,11.9,0.0,19.8
rancagua,2026-07-07,best_match,1,0.0,23.0,0.0,14.8
rancagua,2026-07-07,best_match,2,0.0,20.9,0.0,14.8
rancagua,2026-07-07,best_match,3,0.0,21.6,0.0,14.8
rancagua,2026-07-07,best_match,4,0.0,14.0,0.0,14.8
rancagua,2026-07-07,best_match,5,0.0,15.8,0.0,14.8
rancagua,2026-07-07,best_match,6,0.0,15.8,0.0,14.8
rancagua,2026-07-07,best_match,7,0.0,6.1,0.0,14.8
rancagua,2026-07-07,ecmwf_ifs025,1,0.0,,0.0,14.8
rancagua,2026-07-07,ecmwf_ifs025,2,0.0,,0.0,14.8
rancagua,2026-07-07,ecmwf_ifs025,3,0.0,,0.0,14.8
rancagua,2026-07-07,ecmwf_ifs025,4,0.0,,0.0,14.8
rancagua,2026-07-07,ecmwf_ifs025,5,0.0,,0.0,14.8
rancagua,2026-07-07,ecmwf_ifs025,6,0.0,,0.0,14.8
rancagua,2026-07-07,ecmwf_ifs025,7,0.0,,0.0,14.8
rancagua,2026-07-07,gfs_seamless,1,0.0,7.9,0.0,14.8
rancagua,2026-07-07,gfs_seamless,2,0.0,7.6,0.0,14.8
rancagua,2026-07-07,gfs_seamless,3,0.0,8.3,0.0,14.8
rancagua,2026-07-07,gfs_seamless,4,0.0,8.6,0.0,14.8
rancagua,2026-07-07,gfs_seamless,5,0.0,7.2,0.0,14.8
rancagua,2026-07-07,gfs_seamless,6,0.0,9.0,0.0,14.8
rancagua,2026-07-07,gfs_seamless,7,0.0,6.1,0.0,14.8
rancagua,2026-07-07,icon_seamless,1,0.0,23.0,0.0,14.8
rancagua,2026-07-07,icon_seamless,2,0.0,20.9,0.0,14.8
rancagua,2026-07-07,icon_seamless,3,0.0,21.6,0.0,14.8
rancagua,2026-07-07,icon_seamless,4,0.0,14.0,0.0,14.8
rancagua,2026-07-07,icon_seamless,5,0.0,15.8,0.0,14.8
rancagua,2026-07-07,icon_seamless,6,0.0,15.8,0.0,14.8
rancagua,2026-07-08,best_match,1,0.2,16.2,1.0,24.8
rancagua,2026-07-08,best_match,2,2.2,28.4,1.0,24.8
rancagua,2026-07-08,best_match,3,0.0,23.8,1.0,24.8
rancagua,2026-07-08,best_match,4,0.0,25.6,1.0,24.8
rancagua,2026-07-08,best_match,5,0.0,13.7,1.0,24.8
rancagua,2026-07-08,best_match,6,0.0,22.3,1.0,24.8
rancagua,2026-07-08,best_match,7,17.799999999999997,5.0,1.0,24.8
rancagua,2026-07-08,ecmwf_ifs025,1,0.8999999999999999,,1.0,24.8
rancagua,2026-07-08,ecmwf_ifs025,2,1.5,,1.0,24.8
rancagua,2026-07-08,ecmwf_ifs025,3,0.0,,1.0,24.8
rancagua,2026-07-08,ecmwf_ifs025,4,0.0,,1.0,24.8
rancagua,2026-07-08,ecmwf_ifs025,5,0.0,,1.0,24.8
rancagua,2026-07-08,ecmwf_ifs025,6,0.0,,1.0,24.8
rancagua,2026-07-08,ecmwf_ifs025,7,17.7,,1.0,24.8
rancagua,2026-07-08,gfs_seamless,1,0.0,24.5,1.0,24.8
rancagua,2026-07-08,gfs_seamless,2,0.0,13.3,1.0,24.8
rancagua,2026-07-08,gfs_seamless,3,0.0,11.9,1.0,24.8
rancagua,2026-07-08,gfs_seamless,4,0.0,7.9,1.0,24.8
rancagua,2026-07-08,gfs_seamless,5,0.0,21.6,1.0,24.8
rancagua,2026-07-08,gfs_seamless,6,0.5,23.0,1.0,24.8
rancagua,2026-07-08,gfs_seamless,7,0.0,5.0,1.0,24.8
rancagua,2026-07-08,icon_seamless,1,0.30000000000000004,16.2,1.0,24.8
rancagua,2026-07-08,icon_seamless,2,1.3,28.4,1.0,24.8
rancagua,2026-07-08,icon_seamless,3,0.0,23.8,1.0,24.8
rancagua,2026-07-08,icon_seamless,4,0.0,25.6,1.0,24.8
rancagua,2026-07-08,icon_seamless,5,0.0,13.7,1.0,24.8
rancagua,2026-07-08,icon_seamless,6,1.5,22.3,1.0,24.8
rancagua,2026-07-09,best_match,1,0.30000000000000004,28.4,7.0,23.0
rancagua,2026-07-09,best_match,2,0.0,19.1,7.0,23.0
rancagua,2026-07-09,best_match,3,0.0,15.5,7.0,23.0
rancagua,2026-07-09,best_match,4,4.2,11.9,7.0,23.0
rancagua,2026-07-09,best_match,5,4.3999999999999995,24.8,7.0,23.0
rancagua,2026-07-09,best_match,6,0.0,22.7,7.0,23.0
rancagua,2026-07-09,best_match,7,2.6,5.4,7.0,23.0
rancagua,2026-07-09,ecmwf_ifs025,1,0.6000000000000001,,7.0,23.0
rancagua,2026-07-09,ecmwf_ifs025,2,0.8999999999999999,,7.0,23.0
rancagua,2026-07-09,ecmwf_ifs025,3,0.0,,7.0,23.0
rancagua,2026-07-09,ecmwf_ifs025,4,2.3999999999999995,,7.0,23.0
rancagua,2026-07-09,ecmwf_ifs025,5,7.800000000000001,,7.0,23.0
rancagua,2026-07-09,ecmwf_ifs025,6,0.30000000000000004,,7.0,23.0
rancagua,2026-07-09,ecmwf_ifs025,7,1.7999999999999998,,7.0,23.0
rancagua,2026-07-09,gfs_seamless,1,0.3,9.7,7.0,23.0
rancagua,2026-07-09,gfs_seamless,2,0.0,12.2,7.0,23.0
rancagua,2026-07-09,gfs_seamless,3,0.0,6.1,7.0,23.0
rancagua,2026-07-09,gfs_seamless,4,0.0,8.6,7.0,23.0
rancagua,2026-07-09,gfs_seamless,5,0.0,12.2,7.0,23.0
rancagua,2026-07-09,gfs_seamless,6,0.0,13.3,7.0,23.0
rancagua,2026-07-09,gfs_seamless,7,0.0,5.4,7.0,23.0
rancagua,2026-07-09,icon_seamless,1,0.4,28.4,7.0,23.0
rancagua,2026-07-09,icon_seamless,2,1.6,19.1,7.0,23.0
rancagua,2026-07-09,icon_seamless,3,0.0,15.5,7.0,23.0
rancagua,2026-07-09,icon_seamless,4,0.30000000000000004,11.9,7.0,23.0
rancagua,2026-07-09,icon_seamless,5,3.3,24.8,7.0,23.0
rancagua,2026-07-09,icon_seamless,6,20.5,22.7,7.0,23.0
rancagua,2026-07-10,best_match,1,3.8000000000000003,25.9,6.0,33.5
rancagua,2026-07-10,best_match,2,0.30000000000000004,19.4,6.0,33.5
rancagua,2026-07-10,best_match,3,2.2,18.4,6.0,33.5
rancagua,2026-07-10,best_match,4,4.0,17.6,6.0,33.5
rancagua,2026-07-10,best_match,5,5.3999999999999995,19.1,6.0,33.5
rancagua,2026-07-10,best_match,6,0.6000000000000001,16.2,6.0,33.5
rancagua,2026-07-10,best_match,7,2.2,24.5,6.0,33.5
rancagua,2026-07-10,ecmwf_ifs025,1,3.0,,6.0,33.5
rancagua,2026-07-10,ecmwf_ifs025,2,3.3000000000000003,,6.0,33.5
rancagua,2026-07-10,ecmwf_ifs025,3,2.7,,6.0,33.5
rancagua,2026-07-10,ecmwf_ifs025,4,6.6,,6.0,33.5
rancagua,2026-07-10,ecmwf_ifs025,5,9.6,,6.0,33.5
rancagua,2026-07-10,ecmwf_ifs025,6,2.4,,6.0,33.5
rancagua,2026-07-10,ecmwf_ifs025,7,4.8,,6.0,33.5
rancagua,2026-07-10,gfs_seamless,1,1.7,14.8,6.0,33.5
rancagua,2026-07-10,gfs_seamless,2,5.1000000000000005,14.8,6.0,33.5
rancagua,2026-07-10,gfs_seamless,3,0.4,15.1,6.0,33.5
rancagua,2026-07-10,gfs_seamless,4,0.0,10.1,6.0,33.5
rancagua,2026-07-10,gfs_seamless,5,0.0,10.1,6.0,33.5
rancagua,2026-07-10,gfs_seamless,6,0.0,5.4,6.0,33.5
rancagua,2026-07-10,gfs_seamless,7,2.3000000000000003,24.5,6.0,33.5
rancagua,2026-07-10,icon_seamless,1,6.199999999999999,25.9,6.0,33.5
rancagua,2026-07-10,icon_seamless,2,7.9,19.4,6.0,33.5
rancagua,2026-07-10,icon_seamless,3,7.3,18.4,6.0,33.5
rancagua,2026-07-10,icon_seamless,4,10.3,17.6,6.0,33.5
rancagua,2026-07-10,icon_seamless,5,0.6000000000000001,19.1,6.0,33.5
rancagua,2026-07-10,icon_seamless,6,6.100000000000001,16.2,6.0,33.5
rancagua,2026-07-11,best_match,1,0.0,15.5,0.0,17.6
rancagua,2026-07-11,best_match,2,0.0,19.4,0.0,17.6
rancagua,2026-07-11,best_match,3,0.0,23.8,0.0,17.6
rancagua,2026-07-11,best_match,4,1.4,15.5,0.0,17.6
rancagua,2026-07-11,best_match,5,4.1,12.6,0.0,17.6
rancagua,2026-07-11,best_match,6,0.0,16.9,0.0,17.6
rancagua,2026-07-11,best_match,7,0.0,9.0,0.0,17.6
rancagua,2026-07-11,ecmwf_ifs025,1,0.0,,0.0,17.6
rancagua,2026-07-11,ecmwf_ifs025,2,0.0,,0.0,17.6
rancagua,2026-07-11,ecmwf_ifs025,3,0.0,,0.0,17.6
rancagua,2026-07-11,ecmwf_ifs025,4,0.0,,0.0,17.6
rancagua,2026-07-11,ecmwf_ifs025,5,4.8,,0.0,17.6
rancagua,2026-07-11,ecmwf_ifs025,6,0.0,,0.0,17.6
rancagua,2026-07-11,ecmwf_ifs025,7,0.0,,0.0,17.6
rancagua,2026-07-11,gfs_seamless,1,0.0,9.0,0.0,17.6
rancagua,2026-07-11,gfs_seamless,2,0.0,9.7,0.0,17.6
rancagua,2026-07-11,gfs_seamless,3,0.1,11.2,0.0,17.6
rancagua,2026-07-11,gfs_seamless,4,0.1,10.4,0.0,17.6
rancagua,2026-07-11,gfs_seamless,5,0.0,11.2,0.0,17.6
rancagua,2026-07-11,gfs_seamless,6,0.0,10.1,0.0,17.6
rancagua,2026-07-11,gfs_seamless,7,0.0,9.0,0.0,17.6
rancagua,2026-07-11,icon_seamless,1,0.0,15.5,0.0,17.6
rancagua,2026-07-11,icon_seamless,2,0.0,19.4,0.0,17.6
rancagua,2026-07-11,icon_seamless,3,0.0,23.8,0.0,17.6
rancagua,2026-07-11,icon_seamless,4,2.6,15.5,0.0,17.6
rancagua,2026-07-11,icon_seamless,5,0.0,12.6,0.0,17.6
rancagua,2026-07-11,icon_seamless,6,1.4,16.9,0.0,17.6
rancagua,2026-07-12,best_match,1,0.0,12.2,0.0,14.4
rancagua,2026-07-12,best_match,2,0.0,7.6,0.0,14.4
rancagua,2026-07-12,best_match,3,0.0,9.7,0.0,14.4
rancagua,2026-07-12,best_match,4,0.0,11.2,0.0,14.4
rancagua,2026-07-12,best_match,5,0.0,11.9,0.0,14.4
rancagua,2026-07-12,best_match,6,0.0,14.0,0.0,14.4
rancagua,2026-07-12,best_match,7,0.0,10.8,0.0,14.4
rancagua,2026-07-12,ecmwf_ifs025,1,0.0,,0.0,14.4
rancagua,2026-07-12,ecmwf_ifs025,2,0.0,,0.0,14.4
rancagua,2026-07-12,ecmwf_ifs025,3,0.0,,0.0,14.4
rancagua,2026-07-12,ecmwf_ifs025,4,0.0,,0.0,14.4
rancagua,2026-07-12,ecmwf_ifs025,5,0.0,,0.0,14.4
rancagua,2026-07-12,ecmwf_ifs025,6,0.0,,0.0,14.4
rancagua,2026-07-12,ecmwf_ifs025,7,0.0,,0.0,14.4
rancagua,2026-07-12,gfs_seamless,1,0.0,6.5,0.0,14.4
rancagua,2026-07-12,gfs_seamless,2,0.0,5.8,0.0,14.4
rancagua,2026-07-12,gfs_seamless,3,0.0,7.6,0.0,14.4
rancagua,2026-07-12,gfs_seamless,4,0.0,10.8,0.0,14.4
rancagua,2026-07-12,gfs_seamless,5,0.0,10.1,0.0,14.4
rancagua,2026-07-12,gfs_seamless,6,0.0,9.7,0.0,14.4
rancagua,2026-07-12,gfs_seamless,7,0.0,10.8,0.0,14.4
rancagua,2026-07-12,icon_seamless,1,0.0,12.2,0.0,14.4
rancagua,2026-07-12,icon_seamless,2,0.0,7.6,0.0,14.4
rancagua,2026-07-12,icon_seamless,3,0.0,9.7,0.0,14.4
rancagua,2026-07-12,icon_seamless,4,0.0,11.2,0.0,14.4
rancagua,2026-07-12,icon_seamless,5,0.0,11.9,0.0,14.4
rancagua,2026-07-12,icon_seamless,6,0.0,14.0,0.0,14.4
rancagua,2026-07-13,best_match,1,0.0,13.7,0.0,14.0
rancagua,2026-07-13,best_match,2,0.0,12.6,0.0,14.0
rancagua,2026-07-13,best_match,3,0.0,15.1,0.0,14.0
rancagua,2026-07-13,best_match,4,0.0,12.6,0.0,14.0
rancagua,2026-07-13,best_match,5,0.0,12.6,0.0,14.0
rancagua,2026-07-13,best_match,6,0.0,18.7,0.0,14.0
rancagua,2026-07-13,best_match,7,2.4000000000000004,5.8,0.0,14.0
rancagua,2026-07-13,ecmwf_ifs025,1,0.0,,0.0,14.0
rancagua,2026-07-13,ecmwf_ifs025,2,0.0,,0.0,14.0
rancagua,2026-07-13,ecmwf_ifs025,3,0.0,,0.0,14.0
rancagua,2026-07-13,ecmwf_ifs025,4,0.0,,0.0,14.0
rancagua,2026-07-13,ecmwf_ifs025,5,0.0,,0.0,14.0
rancagua,2026-07-13,ecmwf_ifs025,6,0.30000000000000004,,0.0,14.0
rancagua,2026-07-13,ecmwf_ifs025,7,4.5,,0.0,14.0
rancagua,2026-07-13,gfs_seamless,1,0.0,7.2,0.0,14.0
rancagua,2026-07-13,gfs_seamless,2,0.0,6.5,0.0,14.0
rancagua,2026-07-13,gfs_seamless,3,0.0,8.3,0.0,14.0
rancagua,2026-07-13,gfs_seamless,4,0.0,6.8,0.0,14.0
rancagua,2026-07-13,gfs_seamless,5,0.0,5.4,0.0,14.0
rancagua,2026-07-13,gfs_seamless,6,0.0,7.6,0.0,14.0
rancagua,2026-07-13,gfs_seamless,7,0.0,5.8,0.0,14.0
rancagua,2026-07-13,icon_seamless,1,0.0,13.7,0.0,14.0
rancagua,2026-07-13,icon_seamless,2,0.0,12.6,0.0,14.0
rancagua,2026-07-13,icon_seamless,3,0.0,15.1,0.0,14.0
rancagua,2026-07-13,icon_seamless,4,0.0,12.6,0.0,14.0
rancagua,2026-07-13,icon_seamless,5,0.0,12.6,0.0,14.0
rancagua,2026-07-13,icon_seamless,6,5.1,18.7,0.0,14.0
rancagua,2026-07-14,best_match,1,0.0,22.0,0.0,16.2
rancagua,2026-07-14,best_match,2,0.0,23.0,0.0,16.2
rancagua,2026-07-14,best_match,3,0.0,16.9,0.0,16.2
rancagua,2026-07-14,best_match,4,0.0,21.2,0.0,16.2
rancagua,2026-07-14,best_match,5,0.0,19.4,0.0,16.2
rancagua,2026-07-14,best_match,6,0.0,17.6,0.0,16.2
rancagua,2026-07-14,best_match,7,15.2,15.5,0.0,16.2
rancagua,2026-07-14,ecmwf_ifs025,1,0.0,,0.0,16.2
rancagua,2026-07-14,ecmwf_ifs025,2,0.0,,0.0,16.2
rancagua,2026-07-14,ecmwf_ifs025,3,0.0,,0.0,16.2
rancagua,2026-07-14,ecmwf_ifs025,4,0.0,,0.0,16.2
rancagua,2026-07-14,ecmwf_ifs025,5,0.0,,0.0,16.2
rancagua,2026-07-14,ecmwf_ifs025,6,0.6000000000000001,,0.0,16.2
rancagua,2026-07-14,ecmwf_ifs025,7,9.600000000000001,,0.0,16.2
rancagua,2026-07-14,gfs_seamless,1,0.0,9.7,0.0,16.2
rancagua,2026-07-14,gfs_seamless,2,0.0,10.4,0.0,16.2
rancagua,2026-07-14,gfs_seamless,3,0.0,7.9,0.0,16.2
rancagua,2026-07-14,gfs_seamless,4,0.0,9.4,0.0,16.2
rancagua,2026-07-14,gfs_seamless,5,0.0,9.0,0.0,16.2
rancagua,2026-07-14,gfs_seamless,6,0.0,7.9,0.0,16.2
rancagua,2026-07-14,gfs_seamless,7,0.0,15.5,0.0,16.2
rancagua,2026-07-14,icon_seamless,1,0.0,22.0,0.0,16.2
rancagua,2026-07-14,icon_seamless,2,0.0,23.0,0.0,16.2
rancagua,2026-07-14,icon_seamless,3,0.0,16.9,0.0,16.2
rancagua,2026-07-14,icon_seamless,4,0.0,21.2,0.0,16.2
rancagua,2026-07-14,icon_seamless,5,5.6,19.4,0.0,16.2
rancagua,2026-07-14,icon_seamless,6,32.4,17.6,0.0,16.2
rancagua,2026-07-15,best_match,1,0.3,19.4,1.9,41.4
rancagua,2026-07-15,best_match,2,1.3000000000000003,20.2,1.9,41.4
rancagua,2026-07-15,best_match,3,0.2,19.4,1.9,41.4
rancagua,2026-07-15,best_match,4,2.5,21.2,1.9,41.4
rancagua,2026-07-15,best_match,5,1.0,19.4,1.9,41.4
rancagua,2026-07-15,best_match,6,4.4,17.3,1.9,41.4
rancagua,2026-07-15,best_match,7,0.9,27.0,1.9,41.4
rancagua,2026-07-15,ecmwf_ifs025,1,1.2000000000000002,,1.9,41.4
rancagua,2026-07-15,ecmwf_ifs025,2,1.2,,1.9,41.4
rancagua,2026-07-15,ecmwf_ifs025,3,0.30000000000000004,,1.9,41.4
rancagua,2026-07-15,ecmwf_ifs025,4,3.0,,1.9,41.4
rancagua,2026-07-15,ecmwf_ifs025,5,1.2000000000000002,,1.9,41.4
rancagua,2026-07-15,ecmwf_ifs025,6,5.7,,1.9,41.4
rancagua,2026-07-15,ecmwf_ifs025,7,2.4,,1.9,41.4
rancagua,2026-07-15,gfs_seamless,1,1.2,50.0,1.9,41.4
rancagua,2026-07-15,gfs_seamless,2,1.5999999999999999,33.5,1.9,41.4
rancagua,2026-07-15,gfs_seamless,3,0.0,32.0,1.9,41.4
rancagua,2026-07-15,gfs_seamless,4,0.0,23.8,1.9,41.4
rancagua,2026-07-15,gfs_seamless,5,0.1,23.8,1.9,41.4
rancagua,2026-07-15,gfs_seamless,6,0.0,15.5,1.9,41.4
rancagua,2026-07-15,gfs_seamless,7,0.1,27.0,1.9,41.4
rancagua,2026-07-15,icon_seamless,1,0.0,19.4,1.9,41.4
rancagua,2026-07-15,icon_seamless,2,2.2,20.2,1.9,41.4
rancagua,2026-07-15,icon_seamless,3,6.1,19.4,1.9,41.4
rancagua,2026-07-15,icon_seamless,4,1.9000000000000001,21.2,1.9,41.4
rancagua,2026-07-15,icon_seamless,5,26.0,19.4,1.9,41.4
rancagua,2026-07-15,icon_seamless,6,36.8,17.3,1.9,41.4
rancagua,2026-07-16,best_match,1,41.900000000000006,41.4,32.0,53.3
rancagua,2026-07-16,best_match,2,29.0,36.0,32.0,53.3
rancagua,2026-07-16,best_match,3,19.3,33.1,32.0,53.3
rancagua,2026-07-16,best_match,4,31.1,34.6,32.0,53.3
rancagua,2026-07-16,best_match,5,24.7,19.1,32.0,53.3
rancagua,2026-07-16,best_match,6,28.699999999999996,30.2,32.0,53.3
rancagua,2026-07-16,best_match,7,27.9,40.7,32.0,53.3
rancagua,2026-07-16,ecmwf_ifs025,1,41.4,,32.0,53.3
rancagua,2026-07-16,ecmwf_ifs025,2,30.9,,32.0,53.3
rancagua,2026-07-16,ecmwf_ifs025,3,19.5,,32.0,53.3
rancagua,2026-07-16,ecmwf_ifs025,4,31.199999999999996,,32.0,53.3
rancagua,2026-07-16,ecmwf_ifs025,5,30.6,,32.0,53.3
rancagua,2026-07-16,ecmwf_ifs025,6,25.200000000000003,,32.0,53.3
rancagua,2026-07-16,ecmwf_ifs025,7,24.0,,32.0,53.3
rancagua,2026-07-16,gfs_seamless,1,41.7,42.5,32.0,53.3
rancagua,2026-07-16,gfs_seamless,2,47.8,27.0,32.0,53.3
rancagua,2026-07-16,gfs_seamless,3,21.8,33.1,32.0,53.3
rancagua,2026-07-16,gfs_seamless,4,25.1,34.6,32.0,53.3
rancagua,2026-07-16,gfs_seamless,5,3.8,25.9,32.0,53.3
rancagua,2026-07-16,gfs_seamless,6,0.30000000000000004,14.4,32.0,53.3
rancagua,2026-07-16,gfs_seamless,7,0.0,40.7,32.0,53.3
rancagua,2026-07-16,icon_seamless,1,67.5,41.4,32.0,53.3
rancagua,2026-07-16,icon_seamless,2,75.8,36.0,32.0,53.3
rancagua,2026-07-16,icon_seamless,3,41.699999999999996,33.1,32.0,53.3
rancagua,2026-07-16,icon_seamless,4,49.900000000000006,34.6,32.0,53.3
rancagua,2026-07-16,icon_seamless,5,20.8,19.1,32.0,53.3
rancagua,2026-07-16,icon_seamless,6,57.1,30.2,32.0,53.3
rancagua,2026-07-17,best_match,1,69.3,51.5,83.8,45.4
rancagua,2026-07-17,best_match,2,67.80000000000001,46.4,83.8,45.4
rancagua,2026-07-17,best_match,3,81.19999999999999,37.4,83.8,45.4
rancagua,2026-07-17,best_match,4,65.9,40.0,83.8,45.4
rancagua,2026-07-17,best_match,5,54.6,36.0,83.8,45.4
rancagua,2026-07-17,best_match,6,40.3,60.1,83.8,45.4
rancagua,2026-07-17,best_match,7,37.4,65.2,83.8,45.4
rancagua,2026-07-17,ecmwf_ifs025,1,72.3,,83.8,45.4
rancagua,2026-07-17,ecmwf_ifs025,2,71.1,,83.8,45.4
rancagua,2026-07-17,ecmwf_ifs025,3,86.1,,83.8,45.4
rancagua,2026-07-17,ecmwf_ifs025,4,76.8,,83.8,45.4
rancagua,2026-07-17,ecmwf_ifs025,5,40.2,,83.8,45.4
rancagua,2026-07-17,ecmwf_ifs025,6,36.900000000000006,,83.8,45.4
rancagua,2026-07-17,ecmwf_ifs025,7,40.5,,83.8,45.4
rancagua,2026-07-17,gfs_seamless,1,138.9,29.5,83.8,45.4
rancagua,2026-07-17,gfs_seamless,2,118.9,29.9,83.8,45.4
rancagua,2026-07-17,gfs_seamless,3,128.2,32.8,83.8,45.4
rancagua,2026-07-17,gfs_seamless,4,114.3,31.3,83.8,45.4
rancagua,2026-07-17,gfs_seamless,5,36.6,24.8,83.8,45.4
rancagua,2026-07-17,gfs_seamless,6,33.8,32.8,83.8,45.4
rancagua,2026-07-17,gfs_seamless,7,29.6,65.2,83.8,45.4
rancagua,2026-07-17,icon_seamless,1,110.2,51.5,83.8,45.4
rancagua,2026-07-17,icon_seamless,2,102.2,46.4,83.8,45.4
rancagua,2026-07-17,icon_seamless,3,63.50000000000001,37.4,83.8,45.4
rancagua,2026-07-17,icon_seamless,4,58.6,40.0,83.8,45.4
rancagua,2026-07-17,icon_seamless,5,82.4,36.0,83.8,45.4
rancagua,2026-07-17,icon_seamless,6,84.79999999999998,60.1,83.8,45.4
rancagua,2026-07-18,best_match,1,11.8,48.2,9.6,39.6
rancagua,2026-07-18,best_match,2,14.5,42.5,9.6,39.6
rancagua,2026-07-18,best_match,3,18.400000000000002,37.8,9.6,39.6
rancagua,2026-07-18,best_match,4,27.299999999999997,51.8,9.6,39.6
rancagua,2026-07-18,best_match,5,19.2,33.5,9.6,39.6
rancagua,2026-07-18,best_match,6,45.8,52.2,9.6,39.6
rancagua,2026-07-18,best_match,7,51.4,38.9,9.6,39.6
rancagua,2026-07-18,ecmwf_ifs025,1,11.7,,9.6,39.6
rancagua,2026-07-18,ecmwf_ifs025,2,12.3,,9.6,39.6
rancagua,2026-07-18,ecmwf_ifs025,3,22.5,,9.6,39.6
rancagua,2026-07-18,ecmwf_ifs025,4,19.2,,9.6,39.6
rancagua,2026-07-18,ecmwf_ifs025,5,12.9,,9.6,39.6
rancagua,2026-07-18,ecmwf_ifs025,6,43.800000000000004,,9.6,39.6
rancagua,2026-07-18,ecmwf_ifs025,7,49.8,,9.6,39.6
rancagua,2026-07-18,gfs_seamless,1,49.2,26.3,9.6,39.6
rancagua,2026-07-18,gfs_seamless,2,47.5,27.7,9.6,39.6
rancagua,2026-07-18,gfs_seamless,3,54.3,23.8,9.6,39.6
rancagua,2026-07-18,gfs_seamless,4,32.0,24.5,9.6,39.6
rancagua,2026-07-18,gfs_seamless,5,13.4,20.2,9.6,39.6
rancagua,2026-07-18,gfs_seamless,6,4.9,34.6,9.6,39.6
rancagua,2026-07-18,gfs_seamless,7,23.1,38.9,9.6,39.6
rancagua,2026-07-18,icon_seamless,1,16.7,48.2,9.6,39.6
rancagua,2026-07-18,icon_seamless,2,14.600000000000001,42.5,9.6,39.6
rancagua,2026-07-18,icon_seamless,3,12.600000000000001,37.8,9.6,39.6
rancagua,2026-07-18,icon_seamless,4,32.3,51.8,9.6,39.6
rancagua,2026-07-18,icon_seamless,5,17.4,33.5,9.6,39.6
rancagua,2026-07-18,icon_seamless,6,22.700000000000003,52.2,9.6,39.6
santiago,2026-07-04,best_match,1,0.8,20.9,0.4,32.4
santiago,2026-07-04,best_match,2,1.2999999999999998,25.2,0.4,32.4
santiago,2026-07-04,best_match,3,0.0,27.0,0.4,32.4
santiago,2026-07-04,best_match,4,0.6,19.1,0.4,32.4
santiago,2026-07-04,best_match,5,0.3,22.7,0.4,32.4
santiago,2026-07-04,best_match,6,2.1,23.4,0.4,32.4
santiago,2026-07-04,best_match,7,0.3,7.9,0.4,32.4
santiago,2026-07-04,ecmwf_ifs025,1,6.6,,0.4,32.4
santiago,2026-07-04,ecmwf_ifs025,2,9.600000000000001,,0.4,32.4
santiago,2026-07-04,ecmwf_ifs025,3,3.3,,0.4,32.4
santiago,2026-07-04,ecmwf_ifs025,4,18.599999999999998,,0.4,32.4
santiago,2026-07-04,ecmwf_ifs025,5,1.8,,0.4,32.4
santiago,2026-07-04,ecmwf_ifs025,6,3.5999999999999996,,0.4,32.4
santiago,2026-07-04,ecmwf_ifs025,7,0.9000000000000001,,0.4,32.4
santiago,2026-07-04,gfs_seamless,1,0.0,17.3,0.4,32.4
santiago,2026-07-04,gfs_seamless,2,0.0,22.7,0.4,32.4
santiago,2026-07-04,gfs_seamless,3,0.2,23.4,0.4,32.4
santiago,2026-07-04,gfs_seamless,4,0.1,19.1,0.4,32.4
santiago,2026-07-04,gfs_seamless,5,0.0,19.1,0.4,32.4
santiago,2026-07-04,gfs_seamless,6,0.0,10.1,0.4,32.4
santiago,2026-07-04,gfs_seamless,7,0.0,7.9,0.4,32.4
santiago,2026-07-04,icon_seamless,1,0.4,20.9,0.4,32.4
santiago,2026-07-04,icon_seamless,2,1.7999999999999998,25.2,0.4,32.4
santiago,2026-07-04,icon_seamless,3,1.9000000000000001,27.0,0.4,32.4
santiago,2026-07-04,icon_seamless,4,1.4000000000000001,19.1,0.4,32.4
santiago,2026-07-04,icon_seamless,5,0.0,22.7,0.4,32.4
santiago,2026-07-04,icon_seamless,6,0.4,23.4,0.4,32.4
santiago,2026-07-05,best_match,1,3.6,23.8,1.5,18.0
santiago,2026-07-05,best_match,2,1.3000000000000003,25.9,1.5,18.0
santiago,2026-07-05,best_match,3,0.0,30.2,1.5,18.0
santiago,2026-07-05,best_match,4,0.0,15.8,1.5,18.0
santiago,2026-07-05,best_match,5,0.8,15.1,1.5,18.0
santiago,2026-07-05,best_match,6,0.0,15.5,1.5,18.0
santiago,2026-07-05,best_match,7,0.0,6.5,1.5,18.0
santiago,2026-07-05,ecmwf_ifs025,1,13.2,,1.5,18.0
santiago,2026-07-05,ecmwf_ifs025,2,9.6,,1.5,18.0
santiago,2026-07-05,ecmwf_ifs025,3,12.6,,1.5,18.0
santiago,2026-07-05,ecmwf_ifs025,4,0.0,,1.5,18.0
santiago,2026-07-05,ecmwf_ifs025,5,3.9000000000000004,,1.5,18.0
santiago,2026-07-05,ecmwf_ifs025,6,0.0,,1.5,18.0
santiago,2026-07-05,ecmwf_ifs025,7,0.0,,1.5,18.0
santiago,2026-07-05,gfs_seamless,1,0.0,9.4,1.5,18.0
santiago,2026-07-05,gfs_seamless,2,0.0,5.4,1.5,18.0
santiago,2026-07-05,gfs_seamless,3,0.0,6.8,1.5,18.0
santiago,2026-07-05,gfs_seamless,4,0.0,9.0,1.5,18.0
santiago,2026-07-05,gfs_seamless,5,0.0,5.4,1.5,18.0
santiago,2026-07-05,gfs_seamless,6,0.0,6.5,1.5,18.0
santiago,2026-07-05,gfs_seamless,7,0.0,6.5,1.5,18.0
santiago,2026-07-05,icon_seamless,1,0.7000000000000001,23.8,1.5,18.0
santiago,2026-07-05,icon_seamless,2,1.0,25.9,1.5,18.0
santiago,2026-07-05,icon_seamless,3,0.7,30.2,1.5,18.0
santiago,2026-07-05,icon_seamless,4,0.0,15.8,1.5,18.0
santiago,2026-07-05,icon_seamless,5,0.0,15.1,1.5,18.0
santiago,2026-07-05,icon_seamless,6,0.0,15.5,1.5,18.0
santiago,2026-07-06,best_match,1,0.0,16.6,0.0,15.1
santiago,2026-07-06,best_match,2,0.0,17.3,0.0,15.1
santiago,2026-07-06,best_match,3,0.0,16.2,0.0,15.1
santiago,2026-07-06,best_match,4,0.0,16.9,0.0,15.1
santiago,2026-07-06,best_match,5,0.0,16.2,0.0,15.1
santiago,2026-07-06,best_match,6,0.0,17.6,0.0,15.1
santiago,2026-07-06,best_match,7,0.0,4.3,0.0,15.1
santiago,2026-07-06,ecmwf_ifs025,1,0.0,,0.0,15.1
santiago,2026-07-06,ecmwf_ifs025,2,0.0,,0.0,15.1
santiago,2026-07-06,ecmwf_ifs025,3,0.0,,0.0,15.1
santiago,2026-07-06,ecmwf_ifs025,4,0.0,,0.0,15.1
santiago,2026-07-06,ecmwf_ifs025,5,0.0,,0.0,15.1
santiago,2026-07-06,ecmwf_ifs025,6,0.0,,0.0,15.1
santiago,2026-07-06,ecmwf_ifs025,7,0.0,,0.0,15.1
santiago,2026-07-06,gfs_seamless,1,0.0,6.1,0.0,15.1
santiago,2026-07-06,gfs_seamless,2,0.0,4.3,0.0,15.1
santiago,2026-07-06,gfs_seamless,3,0.0,4.0,0.0,15.1
santiago,2026-07-06,gfs_seamless,4,0.0,4.0,0.0,15.1
santiago,2026-07-06,gfs_seamless,5,0.0,3.2,0.0,15.1
santiago,2026-07-06,gfs_seamless,6,0.0,4.0,0.0,15.1
santiago,2026-07-06,gfs_seamless,7,0.0,4.3,0.0,15.1
santiago,2026-07-06,icon_seamless,1,0.0,16.6,0.0,15.1
santiago,2026-07-06,icon_seamless,2,0.0,17.3,0.0,15.1
santiago,2026-07-06,icon_seamless,3,0.0,16.2,0.0,15.1
santiago,2026-07-06,icon_seamless,4,0.0,16.9,0.0,15.1
santiago,2026-07-06,icon_seamless,5,0.0,16.2,0.0,15.1
santiago,2026-07-06,icon_seamless,6,0.0,17.6,0.0,15.1
santiago,2026-07-07,best_match,1,0.0,18.0,0.0,12.2
santiago,2026-07-07,best_match,2,0.0,18.7,0.0,12.2
santiago,2026-07-07,best_match,3,0.0,18.0,0.0,12.2
santiago,2026-07-07,best_match,4,0.0,18.0,0.0,12.2
santiago,2026-07-07,best_match,5,0.0,16.6,0.0,12.2
santiago,2026-07-07,best_match,6,0.0,18.4,0.0,12.2
santiago,2026-07-07,best_match,7,0.0,4.0,0.0,12.2
santiago,2026-07-07,ecmwf_ifs025,1,0.0,,0.0,12.2
santiago,2026-07-07,ecmwf_ifs025,2,0.0,,0.0,12.2
santiago,2026-07-07,ecmwf_ifs025,3,0.0,,0.0,12.2
santiago,2026-07-07,ecmwf_ifs025,4,0.0,,0.0,12.2
santiago,2026-07-07,ecmwf_ifs025,5,0.0,,0.0,12.2
santiago,2026-07-07,ecmwf_ifs025,6,0.0,,0.0,12.2
santiago,2026-07-07,ecmwf_ifs025,7,0.0,,0.0,12.2
santiago,2026-07-07,gfs_seamless,1,0.0,4.7,0.0,12.2
santiago,2026-07-07,gfs_seamless,2,0.0,4.3,0.0,12.2
santiago,2026-07-07,gfs_seamless,3,0.0,5.0,0.0,12.2
santiago,2026-07-07,gfs_seamless,4,0.0,4.7,0.0,12.2
santiago,2026-07-07,gfs_seamless,5,0.0,4.0,0.0,12.2
santiago,2026-07-07,gfs_seamless,6,0.0,5.0,0.0,12.2
santiago,2026-07-07,gfs_seamless,7,0.0,4.0,0.0,12.2
santiago,2026-07-07,icon_seamless,1,0.0,18.0,0.0,12.2
santiago,2026-07-07,icon_seamless,2,0.0,18.7,0.0,12.2
santiago,2026-07-07,icon_seamless,3,0.0,18.0,0.0,12.2
santiago,2026-07-07,icon_seamless,4,0.0,18.0,0.0,12.2
santiago,2026-07-07,icon_seamless,5,0.0,16.6,0.0,12.2
santiago,2026-07-07,icon_seamless,6,0.0,18.4,0.0,12.2
santiago,2026-07-08,best_match,1,0.0,27.0,0.0,20.5
santiago,2026-07-08,best_match,2,0.30000000000000004,17.3,0.0,20.5
santiago,2026-07-08,best_match,3,0.0,16.6,0.0,20.5
santiago,2026-07-08,best_match,4,0.0,18.0,0.0,20.5
santiago,2026-07-08,best_match,5,0.0,24.1,0.0,20.5
santiago,2026-07-08,best_match,6,0.0,20.2,0.0,20.5
santiago,2026-07-08,best_match,7,11.399999999999999,4.7,0.0,20.5
santiago,2026-07-08,ecmwf_ifs025,1,0.0,,0.0,20.5
santiago,2026-07-08,ecmwf_ifs025,2,1.2000000000000002,,0.0,20.5
santiago,2026-07-08,ecmwf_ifs025,3,0.0,,0.0,20.5
santiago,2026-07-08,ecmwf_ifs025,4,0.0,,0.0,20.5
santiago,2026-07-08,ecmwf_ifs025,5,0.0,,0.0,20.5
santiago,2026-07-08,ecmwf_ifs025,6,0.0,,0.0,20.5
santiago,2026-07-08,ecmwf_ifs025,7,7.8,,0.0,20.5
santiago,2026-07-08,gfs_seamless,1,0.0,19.8,0.0,20.5
santiago,2026-07-08,gfs_seamless,2,0.0,8.6,0.0,20.5
santiago,2026-07-08,gfs_seamless,3,0.0,12.6,0.0,20.5
santiago,2026-07-08,gfs_seamless,4,0.0,6.8,0.0,20.5
santiago,2026-07-08,gfs_seamless,5,0.0,6.1,0.0,20.5
santiago,2026-07-08,gfs_seamless,6,0.0,11.9,0.0,20.5
santiago,2026-07-08,gfs_seamless,7,0.0,4.7,0.0,20.5
santiago,2026-07-08,icon_seamless,1,1.2,27.0,0.0,20.5
santiago,2026-07-08,icon_seamless,2,0.1,17.3,0.0,20.5
santiago,2026-07-08,icon_seamless,3,0.0,16.6,0.0,20.5
santiago,2026-07-08,icon_seamless,4,0.0,18.0,0.0,20.5
santiago,2026-07-08,icon_seamless,5,0.0,24.1,0.0,20.5
santiago,2026-07-08,icon_seamless,6,0.0,20.2,0.0,20.5
santiago,2026-07-09,best_match,1,5.6000000000000005,24.8,0.0,14.0
santiago,2026-07-09,best_match,2,0.0,29.9,0.0,14.0
santiago,2026-07-09,best_match,3,0.0,15.1,0.0,14.0
santiago,2026-07-09,best_match,4,0.0,19.4,0.0,14.0
santiago,2026-07-09,best_match,5,2.6,31.7,0.0,14.0
santiago,2026-07-09,best_match,6,0.0,18.4,0.0,14.0
santiago,2026-07-09,best_match,7,0.6000000000000001,7.6,0.0,14.0
santiago,2026-07-09,ecmwf_ifs025,1,4.199999999999999,,0.0,14.0
santiago,2026-07-09,ecmwf_ifs025,2,0.0,,0.0,14.0
santiago,2026-07-09,ecmwf_ifs025,3,0.0,,0.0,14.0
santiago,2026-07-09,ecmwf_ifs025,4,0.30000000000000004,,0.0,14.0
santiago,2026-07-09,ecmwf_ifs025,5,5.7,,0.0,14.0
santiago,2026-07-09,ecmwf_ifs025,6,0.0,,0.0,14.0
santiago,2026-07-09,ecmwf_ifs025,7,1.2000000000000002,,0.0,14.0
santiago,2026-07-09,gfs_seamless,1,0.0,5.8,0.0,14.0
santiago,2026-07-09,gfs_seamless,2,0.0,7.9,0.0,14.0
santiago,2026-07-09,gfs_seamless,3,0.0,6.8,0.0,14.0
santiago,2026-07-09,gfs_seamless,4,0.0,6.1,0.0,14.0
santiago,2026-07-09,gfs_seamless,5,0.0,6.8,0.0,14.0
santiago,2026-07-09,gfs_seamless,6,0.0,7.6,0.0,14.0
santiago,2026-07-09,gfs_seamless,7,0.0,7.6,0.0,14.0
santiago,2026-07-09,icon_seamless,1,0.2,24.8,0.0,14.0
santiago,2026-07-09,icon_seamless,2,0.1,29.9,0.0,14.0
santiago,2026-07-09,icon_seamless,3,0.0,15.1,0.0,14.0
santiago,2026-07-09,icon_seamless,4,0.30000000000000004,19.4,0.0,14.0
santiago,2026-07-09,icon_seamless,5,0.0,31.7,0.0,14.0
santiago,2026-07-09,icon_seamless,6,5.2,18.4,0.0,14.0
santiago,2026-07-10,best_match,1,0.8999999999999999,26.3,0.8,20.2
santiago,2026-07-10,best_match,2,0.1,16.2,0.8,20.2
santiago,2026-07-10,best_match,3,1.3,17.6,0.8,20.2
santiago,2026-07-10,best_match,4,6.3,20.2,0.8,20.2
santiago,2026-07-10,best_match,5,10.200000000000001,11.9,0.8,20.2
santiago,2026-07-10,best_match,6,0.0,15.8,0.8,20.2
santiago,2026-07-10,best_match,7,0.0,30.2,0.8,20.2
santiago,2026-07-10,ecmwf_ifs025,1,0.9,,0.8,20.2
santiago,2026-07-10,ecmwf_ifs025,2,0.6000000000000001,,0.8,20.2
santiago,2026-07-10,ecmwf_ifs025,3,0.0,,0.8,20.2
santiago,2026-07-10,ecmwf_ifs025,4,4.2,,0.8,20.2
santiago,2026-07-10,ecmwf_ifs025,5,18.0,,0.8,20.2
santiago,2026-07-10,ecmwf_ifs025,6,0.8999999999999999,,0.8,20.2
santiago,2026-07-10,ecmwf_ifs025,7,0.30000000000000004,,0.8,20.2
santiago,2026-07-10,gfs_seamless,1,0.0,7.2,0.8,20.2
santiago,2026-07-10,gfs_seamless,2,0.30000000000000004,10.4,0.8,20.2
santiago,2026-07-10,gfs_seamless,3,0.1,7.9,0.8,20.2
santiago,2026-07-10,gfs_seamless,4,0.0,9.7,0.8,20.2
santiago,2026-07-10,gfs_seamless,5,0.0,4.0,0.8,20.2
santiago,2026-07-10,gfs_seamless,6,0.0,4.0,0.8,20.2
santiago,2026-07-10,gfs_seamless,7,0.4,30.2,0.8,20.2
santiago,2026-07-10,icon_seamless,1,2.6999999999999997,26.3,0.8,20.2
santiago,2026-07-10,icon_seamless,2,1.4,16.2,0.8,20.2
santiago,2026-07-10,icon_seamless,3,1.6,17.6,0.8,20.2
santiago,2026-07-10,icon_seamless,4,0.1,20.2,0.8,20.2
santiago,2026-07-10,icon_seamless,5,0.0,11.9,0.8,20.2
santiago,2026-07-10,icon_seamless,6,2.3,15.8,0.8,20.2
santiago,2026-07-11,best_match,1,0.0,15.5,0.0,15.8
santiago,2026-07-11,best_match,2,0.0,16.2,0.0,15.8
santiago,2026-07-11,best_match,3,0.0,16.9,0.0,15.8
santiago,2026-07-11,best_match,4,0.0,16.9,0.0,15.8
santiago,2026-07-11,best_match,5,1.8,15.1,0.0,15.8
santiago,2026-07-11,best_match,6,0.0,19.8,0.0,15.8
santiago,2026-07-11,best_match,7,0.0,4.7,0.0,15.8
santiago,2026-07-11,ecmwf_ifs025,1,0.0,,0.0,15.8
santiago,2026-07-11,ecmwf_ifs025,2,0.0,,0.0,15.8
santiago,2026-07-11,ecmwf_ifs025,3,0.0,,0.0,15.8
santiago,2026-07-11,ecmwf_ifs025,4,0.0,,0.0,15.8
santiago,2026-07-11,ecmwf_ifs025,5,0.30000000000000004,,0.0,15.8
santiago,2026-07-11,ecmwf_ifs025,6,0.0,,0.0,15.8
santiago,2026-07-11,ecmwf_ifs025,7,0.0,,0.0,15.8
santiago,2026-07-11,gfs_seamless,1,0.0,6.5,0.0,15.8
santiago,2026-07-11,gfs_seamless,2,0.1,6.5,0.0,15.8
santiago,2026-07-11,gfs_seamless,3,0.1,7.9,0.0,15.8
santiago,2026-07-11,gfs_seamless,4,0.0,9.4,0.0,15.8
santiago,2026-07-11,gfs_seamless,5,0.0,8.3,0.0,15.8
santiago,2026-07-11,gfs_seamless,6,0.0,6.1,0.0,15.8
santiago,2026-07-11,gfs_seamless,7,0.0,4.7,0.0,15.8
santiago,2026-07-11,icon_seamless,1,0.0,15.5,0.0,15.8
santiago,2026-07-11,icon_seamless,2,0.0,16.2,0.0,15.8
santiago,2026-07-11,icon_seamless,3,0.0,16.9,0.0,15.8
santiago,2026-07-11,icon_seamless,4,0.0,16.9,0.0,15.8
santiago,2026-07-11,icon_seamless,5,0.0,15.1,0.0,15.8
santiago,2026-07-11,icon_seamless,6,0.0,19.8,0.0,15.8
santiago,2026-07-12,best_match,1,0.0,13.0,0.0,13.3
santiago,2026-07-12,best_match,2,0.0,13.0,0.0,13.3
santiago,2026-07-12,best_match,3,0.0,12.2,0.0,13.3
santiago,2026-07-12,best_match,4,0.0,11.5,0.0,13.3
santiago,2026-07-12,best_match,5,0.0,13.7,0.0,13.3
santiago,2026-07-12,best_match,6,0.0,17.3,0.0,13.3
santiago,2026-07-12,best_match,7,0.0,5.4,0.0,13.3
santiago,2026-07-12,ecmwf_ifs025,1,0.0,,0.0,13.3
santiago,2026-07-12,ecmwf_ifs025,2,0.0,,0.0,13.3
santiago,2026-07-12,ecmwf_ifs025,3,0.0,,0.0,13.3
santiago,2026-07-12,ecmwf_ifs025,4,0.0,,0.0,13.3
santiago,2026-07-12,ecmwf_ifs025,5,0.0,,0.0,13.3
santiago,2026-07-12,ecmwf_ifs025,6,0.0,,0.0,13.3
santiago,2026-07-12,ecmwf_ifs025,7,0.0,,0.0,13.3
santiago,2026-07-12,gfs_seamless,1,0.0,2.9,0.0,13.3
santiago,2026-07-12,gfs_seamless,2,0.0,2.9,0.0,13.3
santiago,2026-07-12,gfs_seamless,3,0.0,3.6,0.0,13.3
santiago,2026-07-12,gfs_seamless,4,0.0,5.0,0.0,13.3
santiago,2026-07-12,gfs_seamless,5,0.0,5.0,0.0,13.3
santiago,2026-07-12,gfs_seamless,6,0.0,6.5,0.0,13.3
santiago,2026-07-12,gfs_seamless,7,0.0,5.4,0.0,13.3
santiago,2026-07-12,icon_seamless,1,0.0,13.0,0.0,13.3
santiago,2026-07-12,icon_seamless,2,0.0,13.0,0.0,13.3
santiago,2026-07-12,icon_seamless,3,0.0,12.2,0.0,13.3
santiago,2026-07-12,icon_seamless,4,0.0,11.5,0.0,13.3
santiago,2026-07-12,icon_seamless,5,0.0,13.7,0.0,13.3
santiago,2026-07-12,icon_seamless,6,0.0,17.3,0.0,13.3
santiago,2026-07-13,best_match,1,0.0,16.2,0.0,16.6
santiago,2026-07-13,best_match,2,0.0,13.0,0.0,16.6
santiago,2026-07-13,best_match,3,0.0,14.8,0.0,16.6
santiago,2026-07-13,best_match,4,0.0,13.3,0.0,16.6
santiago,2026-07-13,best_match,5,0.0,17.6,0.0,16.6
santiago,2026-07-13,best_match,6,0.0,16.6,0.0,16.6
santiago,2026-07-13,best_match,7,0.0,5.0,0.0,16.6
santiago,2026-07-13,ecmwf_ifs025,1,0.0,,0.0,16.6
santiago,2026-07-13,ecmwf_ifs025,2,0.0,,0.0,16.6
santiago,2026-07-13,ecmwf_ifs025,3,0.0,,0.0,16.6
santiago,2026-07-13,ecmwf_ifs025,4,0.0,,0.0,16.6
santiago,2026-07-13,ecmwf_ifs025,5,0.0,,0.0,16.6
santiago,2026-07-13,ecmwf_ifs025,6,0.0,,0.0,16.6
santiago,2026-07-13,ecmwf_ifs025,7,0.0,,0.0,16.6
santiago,2026-07-13,gfs_seamless,1,0.0,6.5,0.0,16.6
santiago,2026-07-13,gfs_seamless,2,0.0,4.7,0.0,16.6
santiago,2026-07-13,gfs_seamless,3,0.0,9.7,0.0,16.6
santiago,2026-07-13,gfs_seamless,4,0.0,7.2,0.0,16.6
santiago,2026-07-13,gfs_seamless,5,0.0,7.6,0.0,16.6
santiago,2026-07-13,gfs_seamless,6,0.0,8.3,0.0,16.6
santiago,2026-07-13,gfs_seamless,7,0.0,5.0,0.0,16.6
santiago,2026-07-13,icon_seamless,1,0.0,16.2,0.0,16.6
santiago,2026-07-13,icon_seamless,2,0.0,13.0,0.0,16.6
santiago,2026-07-13,icon_seamless,3,0.0,14.8,0.0,16.6
santiago,2026-07-13,icon_seamless,4,0.0,13.3,0.0,16.6
santiago,2026-07-13,icon_seamless,5,0.0,17.6,0.0,16.6
santiago,2026-07-13,icon_seamless,6,0.0,16.6,0.0,16.6
santiago,2026-07-14,best_match,1,0.0,23.0,0.0,23.8
santiago,2026-07-14,best_match,2,0.0,25.6,0.0,23.8
santiago,2026-07-14,best_match,3,0.0,12.6,0.0,23.8
santiago,2026-07-14,best_match,4,0.0,18.4,0.0,23.8
santiago,2026-07-14,best_match,5,0.0,13.0,0.0,23.8
santiago,2026-07-14,best_match,6,0.0,15.5,0.0,23.8
santiago,2026-07-14,best_match,7,12.500000000000002,10.8,0.0,23.8
santiago,2026-07-14,ecmwf_ifs025,1,0.0,,0.0,23.8
santiago,2026-07-14,ecmwf_ifs025,2,0.0,,0.0,23.8
santiago,2026-07-14,ecmwf_ifs025,3,0.0,,0.0,23.8
santiago,2026-07-14,ecmwf_ifs025,4,0.0,,0.0,23.8
santiago,2026-07-14,ecmwf_ifs025,5,0.0,,0.0,23.8
santiago,2026-07-14,ecmwf_ifs025,6,0.0,,0.0,23.8
santiago,2026-07-14,ecmwf_ifs025,7,24.6,,0.0,23.8
santiago,2026-07-14,gfs_seamless,1,0.0,11.5,0.0,23.8
santiago,2026-07-14,gfs_seamless,2,0.0,8.6,0.0,23.8
santiago,2026-07-14,gfs_seamless,3,0.0,5.8,0.0,23.8
santiago,2026-07-14,gfs_seamless,4,0.0,6.5,0.0,23.8
santiago,2026-07-14,gfs_seamless,5,0.0,6.8,0.0,23.8
santiago,2026-07-14,gfs_seamless,6,0.0,7.6,0.0,23.8
santiago,2026-07-14,gfs_seamless,7,0.0,10.8,0.0,23.8
santiago,2026-07-14,icon_seamless,1,0.0,23.0,0.0,23.8
santiago,2026-07-14,icon_seamless,2,0.0,25.6,0.0,23.8
santiago,2026-07-14,icon_seamless,3,0.0,12.6,0.0,23.8
santiago,2026-07-14,icon_seamless,4,0.0,18.4,0.0,23.8
santiago,2026-07-14,icon_seamless,5,14.399999999999999,13.0,0.0,23.8
santiago,2026-07-14,icon_seamless,6,10.099999999999998,15.5,0.0,23.8
santiago,2026-07-15,best_match,1,0.1,20.2,1.0,19.1
santiago,2026-07-15,best_match,2,0.30000000000000004,24.5,1.0,19.1
santiago,2026-07-15,best_match,3,0.0,19.4,1.0,19.1
santiago,2026-07-15,best_match,4,0.2,15.8,1.0,19.1
santiago,2026-07-15,best_match,5,1.2999999999999998,16.2,1.0,19.1
santiago,2026-07-15,best_match,6,3.0,21.6,1.0,19.1
santiago,2026-07-15,best_match,7,0.6000000000000001,25.6,1.0,19.1
santiago,2026-07-15,ecmwf_ifs025,1,1.5,,1.0,19.1
santiago,2026-07-15,ecmwf_ifs025,2,1.8000000000000003,,1.0,19.1
santiago,2026-07-15,ecmwf_ifs025,3,0.0,,1.0,19.1
santiago,2026-07-15,ecmwf_ifs025,4,0.30000000000000004,,1.0,19.1
santiago,2026-07-15,ecmwf_ifs025,5,1.2000000000000002,,1.0,19.1
santiago,2026-07-15,ecmwf_ifs025,6,2.7,,1.0,19.1
santiago,2026-07-15,ecmwf_ifs025,7,1.2000000000000002,,1.0,19.1
santiago,2026-07-15,gfs_seamless,1,2.1,44.3,1.0,19.1
santiago,2026-07-15,gfs_seamless,2,0.0,24.5,1.0,19.1
santiago,2026-07-15,gfs_seamless,3,0.0,11.2,1.0,19.1
santiago,2026-07-15,gfs_seamless,4,0.0,5.4,1.0,19.1
santiago,2026-07-15,gfs_seamless,5,0.0,5.0,1.0,19.1
santiago,2026-07-15,gfs_seamless,6,0.0,7.2,1.0,19.1
santiago,2026-07-15,gfs_seamless,7,0.0,25.6,1.0,19.1
santiago,2026-07-15,icon_seamless,1,0.0,20.2,1.0,19.1
santiago,2026-07-15,icon_seamless,2,0.5,24.5,1.0,19.1
santiago,2026-07-15,icon_seamless,3,1.3,19.4,1.0,19.1
santiago,2026-07-15,icon_seamless,4,0.0,15.8,1.0,19.1
santiago,2026-07-15,icon_seamless,5,4.7,16.2,1.0,19.1
santiago,2026-07-15,icon_seamless,6,25.4,21.6,1.0,19.1
santiago,2026-07-16,best_match,1,30.200000000000003,22.7,31.0,47.9
santiago,2026-07-16,best_match,2,17.799999999999997,24.5,31.0,47.9
santiago,2026-07-16,best_match,3,15.1,16.6,31.0,47.9
santiago,2026-07-16,best_match,4,18.6,22.3,31.0,47.9
santiago,2026-07-16,best_match,5,18.3,15.8,31.0,47.9
santiago,2026-07-16,best_match,6,22.0,20.5,31.0,47.9
santiago,2026-07-16,best_match,7,12.9,12.2,31.0,47.9
santiago,2026-07-16,ecmwf_ifs025,1,35.099999999999994,,31.0,47.9
santiago,2026-07-16,ecmwf_ifs025,2,23.1,,31.0,47.9
santiago,2026-07-16,ecmwf_ifs025,3,14.700000000000001,,31.0,47.9
santiago,2026-07-16,ecmwf_ifs025,4,30.6,,31.0,47.9
santiago,2026-07-16,ecmwf_ifs025,5,29.7,,31.0,47.9
santiago,2026-07-16,ecmwf_ifs025,6,24.0,,31.0,47.9
santiago,2026-07-16,ecmwf_ifs025,7,15.899999999999999,,31.0,47.9
santiago,2026-07-16,gfs_seamless,1,11.0,58.0,31.0,47.9
santiago,2026-07-16,gfs_seamless,2,7.9,45.0,31.0,47.9
santiago,2026-07-16,gfs_seamless,3,5.5,28.8,31.0,47.9
santiago,2026-07-16,gfs_seamless,4,3.2,34.9,31.0,47.9
santiago,2026-07-16,gfs_seamless,5,0.1,10.8,31.0,47.9
santiago,2026-07-16,gfs_seamless,6,0.0,14.8,31.0,47.9
santiago,2026-07-16,gfs_seamless,7,0.0,12.2,31.0,47.9
santiago,2026-07-16,icon_seamless,1,26.8,22.7,31.0,47.9
santiago,2026-07-16,icon_seamless,2,32.8,24.5,31.0,47.9
santiago,2026-07-16,icon_seamless,3,18.099999999999998,16.6,31.0,47.9
santiago,2026-07-16,icon_seamless,4,16.0,22.3,31.0,47.9
santiago,2026-07-16,icon_seamless,5,10.799999999999999,15.8,31.0,47.9
santiago,2026-07-16,icon_seamless,6,25.8,20.5,31.0,47.9
santiago,2026-07-17,best_match,1,50.4,32.0,67.8,53.3
santiago,2026-07-17,best_match,2,55.0,31.7,67.8,53.3
santiago,2026-07-17,best_match,3,34.3,27.4,67.8,53.3
santiago,2026-07-17,best_match,4,38.8,27.4,67.8,53.3
santiago,2026-07-17,best_match,5,32.0,31.0,67.8,53.3
santiago,2026-07-17,best_match,6,36.7,41.8,67.8,53.3
santiago,2026-07-17,best_match,7,16.2,66.6,67.8,53.3
santiago,2026-07-17,ecmwf_ifs025,1,65.69999999999999,,67.8,53.3
santiago,2026-07-17,ecmwf_ifs025,2,68.7,,67.8,53.3
santiago,2026-07-17,ecmwf_ifs025,3,62.099999999999994,,67.8,53.3
santiago,2026-07-17,ecmwf_ifs025,4,54.3,,67.8,53.3
santiago,2026-07-17,ecmwf_ifs025,5,45.9,,67.8,53.3
santiago,2026-07-17,ecmwf_ifs025,6,44.99999999999999,,67.8,53.3
santiago,2026-07-17,ecmwf_ifs025,7,27.3,,67.8,53.3
santiago,2026-07-17,gfs_seamless,1,89.4,23.0,67.8,53.3
santiago,2026-07-17,gfs_seamless,2,58.900000000000006,36.0,67.8,53.3
santiago,2026-07-17,gfs_seamless,3,87.1,35.6,67.8,53.3
santiago,2026-07-17,gfs_seamless,4,53.400000000000006,33.1,67.8,53.3
santiago,2026-07-17,gfs_seamless,5,19.2,27.7,67.8,53.3
santiago,2026-07-17,gfs_seamless,6,12.3,34.9,67.8,53.3
santiago,2026-07-17,gfs_seamless,7,12.2,66.6,67.8,53.3
santiago,2026-07-17,icon_seamless,1,61.7,32.0,67.8,53.3
santiago,2026-07-17,icon_seamless,2,54.599999999999994,31.7,67.8,53.3
santiago,2026-07-17,icon_seamless,3,60.4,27.4,67.8,53.3
santiago,2026-07-17,icon_seamless,4,47.4,27.4,67.8,53.3
santiago,2026-07-17,icon_seamless,5,51.0,31.0,67.8,53.3
santiago,2026-07-17,icon_seamless,6,42.7,41.8,67.8,53.3
santiago,2026-07-18,best_match,1,14.899999999999999,45.4,7.7,32.4
santiago,2026-07-18,best_match,2,11.100000000000001,51.8,7.7,32.4
santiago,2026-07-18,best_match,3,5.9,37.8,7.7,32.4
santiago,2026-07-18,best_match,4,14.2,41.8,7.7,32.4
santiago,2026-07-18,best_match,5,9.0,34.9,7.7,32.4
santiago,2026-07-18,best_match,6,19.0,40.3,7.7,32.4
santiago,2026-07-18,best_match,7,31.8,32.8,7.7,32.4
santiago,2026-07-18,ecmwf_ifs025,1,27.0,,7.7,32.4
santiago,2026-07-18,ecmwf_ifs025,2,15.299999999999999,,7.7,32.4
santiago,2026-07-18,ecmwf_ifs025,3,23.1,,7.7,32.4
santiago,2026-07-18,ecmwf_ifs025,4,38.1,,7.7,32.4
santiago,2026-07-18,ecmwf_ifs025,5,15.000000000000002,,7.7,32.4
santiago,2026-07-18,ecmwf_ifs025,6,29.1,,7.7,32.4
santiago,2026-07-18,ecmwf_ifs025,7,41.7,,7.7,32.4
santiago,2026-07-18,gfs_seamless,1,30.6,36.7,7.7,32.4
santiago,2026-07-18,gfs_seamless,2,32.400000000000006,35.3,7.7,32.4
santiago,2026-07-18,gfs_seamless,3,54.39999999999999,25.6,7.7,32.4
santiago,2026-07-18,gfs_seamless,4,26.1,23.0,7.7,32.4
santiago,2026-07-18,gfs_seamless,5,5.8,19.4,7.7,32.4
santiago,2026-07-18,gfs_seamless,6,3.4000000000000004,39.2,7.7,32.4
santiago,2026-07-18,gfs_seamless,7,15.400000000000002,32.8,7.7,32.4
santiago,2026-07-18,icon_seamless,1,12.5,45.4,7.7,32.4
santiago,2026-07-18,icon_seamless,2,10.2,51.8,7.7,32.4
santiago,2026-07-18,icon_seamless,3,6.0,37.8,7.7,32.4
santiago,2026-07-18,icon_seamless,4,22.400000000000002,41.8,7.7,32.4
santiago,2026-07-18,icon_seamless,5,23.5,34.9,7.7,32.4
santiago,2026-07-18,icon_seamless,6,10.0,40.3,7.7,32.4
talca,2026-07-04,best_match,1,6.9,16.6,2.8,17.6
talca,2026-07-04,best_match,2,9.6,18.4,2.8,17.6
talca,2026-07-04,best_match,3,15.5,19.1,2.8,17.6
talca,2026-07-04,best_match,4,13.0,17.6,2.8,17.6
talca,2026-07-04,best_match,5,10.0,28.1,2.8,17.6
talca,2026-07-04,best_match,6,13.100000000000001,19.1,2.8,17.6
talca,2026-07-04,best_match,7,8.600000000000001,5.8,2.8,17.6
talca,2026-07-04,ecmwf_ifs025,1,7.5,,2.8,17.6
talca,2026-07-04,ecmwf_ifs025,2,6.6,,2.8,17.6
talca,2026-07-04,ecmwf_ifs025,3,15.3,,2.8,17.6
talca,2026-07-04,ecmwf_ifs025,4,12.299999999999999,,2.8,17.6
talca,2026-07-04,ecmwf_ifs025,5,8.100000000000001,,2.8,17.6
talca,2026-07-04,ecmwf_ifs025,6,14.700000000000001,,2.8,17.6
talca,2026-07-04,ecmwf_ifs025,7,3.9000000000000004,,2.8,17.6
talca,2026-07-04,gfs_seamless,1,0.0,9.7,2.8,17.6
talca,2026-07-04,gfs_seamless,2,2.3,36.7,2.8,17.6
talca,2026-07-04,gfs_seamless,3,4.1,22.0,2.8,17.6
talca,2026-07-04,gfs_seamless,4,3.5999999999999996,37.4,2.8,17.6
talca,2026-07-04,gfs_seamless,5,2.6,29.2,2.8,17.6
talca,2026-07-04,gfs_seamless,6,0.0,15.8,2.8,17.6
talca,2026-07-04,gfs_seamless,7,0.0,5.8,2.8,17.6
talca,2026-07-04,icon_seamless,1,3.4000000000000004,16.6,2.8,17.6
talca,2026-07-04,icon_seamless,2,4.9,18.4,2.8,17.6
talca,2026-07-04,icon_seamless,3,5.0,19.1,2.8,17.6
talca,2026-07-04,icon_seamless,4,2.9000000000000004,17.6,2.8,17.6
talca,2026-07-04,icon_seamless,5,4.7,28.1,2.8,17.6
talca,2026-07-04,icon_seamless,6,0.2,19.1,2.8,17.6
talca,2026-07-05,best_match,1,0.0,19.4,0.0,22.0
talca,2026-07-05,best_match,2,0.1,20.2,0.0,22.0
talca,2026-07-05,best_match,3,0.4,20.2,0.0,22.0
talca,2026-07-05,best_match,4,0.0,19.4,0.0,22.0
talca,2026-07-05,best_match,5,0.0,33.5,0.0,22.0
talca,2026-07-05,best_match,6,0.0,17.3,0.0,22.0
talca,2026-07-05,best_match,7,0.0,28.4,0.0,22.0
talca,2026-07-05,ecmwf_ifs025,1,0.0,,0.0,22.0
talca,2026-07-05,ecmwf_ifs025,2,0.8999999999999999,,0.0,22.0
talca,2026-07-05,ecmwf_ifs025,3,6.0,,0.0,22.0
talca,2026-07-05,ecmwf_ifs025,4,0.0,,0.0,22.0
talca,2026-07-05,ecmwf_ifs025,5,0.0,,0.0,22.0
talca,2026-07-05,ecmwf_ifs025,6,0.30000000000000004,,0.0,22.0
talca,2026-07-05,ecmwf_ifs025,7,0.0,,0.0,22.0
talca,2026-07-05,gfs_seamless,1,0.0,12.6,0.0,22.0
talca,2026-07-05,gfs_seamless,2,0.4,12.6,0.0,22.0
talca,2026-07-05,gfs_seamless,3,0.1,10.8,0.0,22.0
talca,2026-07-05,gfs_seamless,4,0.1,10.8,0.0,22.0
talca,2026-07-05,gfs_seamless,5,0.0,13.3,0.0,22.0
talca,2026-07-05,gfs_seamless,6,0.0,16.6,0.0,22.0
talca,2026-07-05,gfs_seamless,7,0.0,28.4,0.0,22.0
talca,2026-07-05,icon_seamless,1,0.0,19.4,0.0,22.0
talca,2026-07-05,icon_seamless,2,0.7999999999999999,20.2,0.0,22.0
talca,2026-07-05,icon_seamless,3,0.30000000000000004,20.2,0.0,22.0
talca,2026-07-05,icon_seamless,4,0.0,19.4,0.0,22.0
talca,2026-07-05,icon_seamless,5,0.7,33.5,0.0,22.0
talca,2026-07-05,icon_seamless,6,0.0,17.3,0.0,22.0
talca,2026-07-06,best_match,1,0.0,13.3,0.0,15.5
talca,2026-07-06,best_match,2,0.0,14.0,0.0,15.5
talca,2026-07-06,best_match,3,0.0,15.5,0.0,15.5
talca,2026-07-06,best_match,4,0.0,15.5,0.0,15.5
talca,2026-07-06,best_match,5,0.0,11.9,0.0,15.5
talca,2026-07-06,best_match,6,0.0,12.6,0.0,15.5
talca,2026-07-06,best_match,7,0.0,7.6,0.0,15.5
talca,2026-07-06,ecmwf_ifs025,1,0.0,,0.0,15.5
talca,2026-07-06,ecmwf_ifs025,2,0.0,,0.0,15.5
talca,2026-07-06,ecmwf_ifs025,3,0.0,,0.0,15.5
talca,2026-07-06,ecmwf_ifs025,4,0.0,,0.0,15.5
talca,2026-07-06,ecmwf_ifs025,5,0.0,,0.0,15.5
talca,2026-07-06,ecmwf_ifs025,6,0.0,,0.0,15.5
talca,2026-07-06,ecmwf_ifs025,7,0.0,,0.0,15.5
talca,2026-07-06,gfs_seamless,1,0.0,8.3,0.0,15.5
talca,2026-07-06,gfs_seamless,2,0.0,8.6,0.0,15.5
talca,2026-07-06,gfs_seamless,3,0.0,9.0,0.0,15.5
talca,2026-07-06,gfs_seamless,4,0.0,9.4,0.0,15.5
talca,2026-07-06,gfs_seamless,5,0.0,7.6,0.0,15.5
talca,2026-07-06,gfs_seamless,6,0.0,9.7,0.0,15.5
talca,2026-07-06,gfs_seamless,7,0.0,7.6,0.0,15.5
talca,2026-07-06,icon_seamless,1,0.0,13.3,0.0,15.5
talca,2026-07-06,icon_seamless,2,0.0,14.0,0.0,15.5
talca,2026-07-06,icon_seamless,3,0.0,15.5,0.0,15.5
talca,2026-07-06,icon_seamless,4,0.0,15.5,0.0,15.5
talca,2026-07-06,icon_seamless,5,0.0,11.9,0.0,15.5
talca,2026-07-06,icon_seamless,6,0.0,12.6,0.0,15.5
talca,2026-07-07,best_match,1,0.0,14.0,0.0,12.2
talca,2026-07-07,best_match,2,0.0,14.4,0.0,12.2
talca,2026-07-07,best_match,3,0.0,16.2,0.0,12.2
talca,2026-07-07,best_match,4,0.0,11.9,0.0,12.2
talca,2026-07-07,best_match,5,0.0,16.6,0.0,12.2
talca,2026-07-07,best_match,6,0.9999999999999999,17.3,0.0,12.2
talca,2026-07-07,best_match,7,0.0,8.3,0.0,12.2
talca,2026-07-07,ecmwf_ifs025,1,0.30000000000000004,,0.0,12.2
talca,2026-07-07,ecmwf_ifs025,2,0.0,,0.0,12.2
talca,2026-07-07,ecmwf_ifs025,3,0.0,,0.0,12.2
talca,2026-07-07,ecmwf_ifs025,4,0.0,,0.0,12.2
talca,2026-07-07,ecmwf_ifs025,5,1.5,,0.0,12.2
talca,2026-07-07,ecmwf_ifs025,6,3.3,,0.0,12.2
talca,2026-07-07,ecmwf_ifs025,7,0.0,,0.0,12.2
talca,2026-07-07,gfs_seamless,1,0.0,5.8,0.0,12.2
talca,2026-07-07,gfs_seamless,2,0.0,5.0,0.0,12.2
talca,2026-07-07,gfs_seamless,3,0.0,5.4,0.0,12.2
talca,2026-07-07,gfs_seamless,4,0.0,5.8,0.0,12.2
talca,2026-07-07,gfs_seamless,5,0.0,9.0,0.0,12.2
talca,2026-07-07,gfs_seamless,6,0.0,5.8,0.0,12.2
talca,2026-07-07,gfs_seamless,7,0.0,8.3,0.0,12.2
talca,2026-07-07,icon_seamless,1,0.0,14.0,0.0,12.2
talca,2026-07-07,icon_seamless,2,0.0,14.4,0.0,12.2
talca,2026-07-07,icon_seamless,3,0.0,16.2,0.0,12.2
talca,2026-07-07,icon_seamless,4,0.0,11.9,0.0,12.2
talca,2026-07-07,icon_seamless,5,0.0,16.6,0.0,12.2
talca,2026-07-07,icon_seamless,6,0.0,17.3,0.0,12.2
talca,2026-07-08,best_match,1,1.5,25.2,5.9,25.2
talca,2026-07-08,best_match,2,3.7,19.8,5.9,25.2
talca,2026-07-08,best_match,3,3.9,21.6,5.9,25.2
talca,2026-07-08,best_match,4,2.4,20.5,5.9,25.2
talca,2026-07-08,best_match,5,0.9,22.3,5.9,25.2
talca,2026-07-08,best_match,6,7.000000000000001,28.8,5.9,25.2
talca,2026-07-08,best_match,7,18.1,10.4,5.9,25.2
talca,2026-07-08,ecmwf_ifs025,1,1.2000000000000002,,5.9,25.2
talca,2026-07-08,ecmwf_ifs025,2,3.0,,5.9,25.2
talca,2026-07-08,ecmwf_ifs025,3,6.300000000000001,,5.9,25.2
talca,2026-07-08,ecmwf_ifs025,4,3.9000000000000004,,5.9,25.2
talca,2026-07-08,ecmwf_ifs025,5,1.8,,5.9,25.2
talca,2026-07-08,ecmwf_ifs025,6,11.100000000000001,,5.9,25.2
talca,2026-07-08,ecmwf_ifs025,7,22.2,,5.9,25.2
talca,2026-07-08,gfs_seamless,1,2.3,25.2,5.9,25.2
talca,2026-07-08,gfs_seamless,2,2.4000000000000004,13.0,5.9,25.2
talca,2026-07-08,gfs_seamless,3,0.6,19.4,5.9,25.2
talca,2026-07-08,gfs_seamless,4,5.9,28.1,5.9,25.2
talca,2026-07-08,gfs_seamless,5,16.4,24.1,5.9,25.2
talca,2026-07-08,gfs_seamless,6,2.6999999999999997,32.4,5.9,25.2
talca,2026-07-08,gfs_seamless,7,0.4,10.4,5.9,25.2
talca,2026-07-08,icon_seamless,1,7.2,25.2,5.9,25.2
talca,2026-07-08,icon_seamless,2,12.0,19.8,5.9,25.2
talca,2026-07-08,icon_seamless,3,3.8,21.6,5.9,25.2
talca,2026-07-08,icon_seamless,4,0.1,20.5,5.9,25.2
talca,2026-07-08,icon_seamless,5,0.0,22.3,5.9,25.2
talca,2026-07-08,icon_seamless,6,34.5,28.8,5.9,25.2
talca,2026-07-09,best_match,1,8.5,13.3,5.1,12.2
talca,2026-07-09,best_match,2,1.7999999999999998,17.6,5.1,12.2
talca,2026-07-09,best_match,3,1.7999999999999998,20.9,5.1,12.2
talca,2026-07-09,best_match,4,13.2,13.3,5.1,12.2
talca,2026-07-09,best_match,5,19.6,21.2,5.1,12.2
talca,2026-07-09,best_match,6,22.4,25.6,5.1,12.2
talca,2026-07-09,best_match,7,0.1,43.6,5.1,12.2
talca,2026-07-09,ecmwf_ifs025,1,3.3,,5.1,12.2
talca,2026-07-09,ecmwf_ifs025,2,3.0,,5.1,12.2
talca,2026-07-09,ecmwf_ifs025,3,5.699999999999999,,5.1,12.2
talca,2026-07-09,ecmwf_ifs025,4,24.9,,5.1,12.2
talca,2026-07-09,ecmwf_ifs025,5,27.6,,5.1,12.2
talca,2026-07-09,ecmwf_ifs025,6,27.900000000000002,,5.1,12.2
talca,2026-07-09,ecmwf_ifs025,7,0.9000000000000001,,5.1,12.2
talca,2026-07-09,gfs_seamless,1,0.30000000000000004,8.3,5.1,12.2
talca,2026-07-09,gfs_seamless,2,0.0,11.2,5.1,12.2
talca,2026-07-09,gfs_seamless,3,0.0,7.2,5.1,12.2
talca,2026-07-09,gfs_seamless,4,1.1,28.8,5.1,12.2
talca,2026-07-09,gfs_seamless,5,1.6,22.3,5.1,12.2
talca,2026-07-09,gfs_seamless,6,0.0,13.7,5.1,12.2
talca,2026-07-09,gfs_seamless,7,16.099999999999998,43.6,5.1,12.2
talca,2026-07-09,icon_seamless,1,0.1,13.3,5.1,12.2
talca,2026-07-09,icon_seamless,2,3.2,17.6,5.1,12.2
talca,2026-07-09,icon_seamless,3,1.4,20.9,5.1,12.2
talca,2026-07-09,icon_seamless,4,4.4,13.3,5.1,12.2
talca,2026-07-09,icon_seamless,5,29.6,21.2,5.1,12.2
talca,2026-07-09,icon_seamless,6,3.0,25.6,5.1,12.2
talca,2026-07-10,best_match,1,19.7,25.2,22.9,40.0
talca,2026-07-10,best_match,2,29.5,23.0,22.9,40.0
talca,2026-07-10,best_match,3,12.9,22.0,22.9,40.0
talca,2026-07-10,best_match,4,21.0,17.6,22.9,40.0
talca,2026-07-10,best_match,5,3.6,15.1,22.9,40.0
talca,2026-07-10,best_match,6,26.000000000000004,15.8,22.9,40.0
talca,2026-07-10,best_match,7,0.1,33.5,22.9,40.0
talca,2026-07-10,ecmwf_ifs025,1,23.700000000000003,,22.9,40.0
talca,2026-07-10,ecmwf_ifs025,2,26.7,,22.9,40.0
talca,2026-07-10,ecmwf_ifs025,3,11.1,,22.9,40.0
talca,2026-07-10,ecmwf_ifs025,4,13.2,,22.9,40.0
talca,2026-07-10,ecmwf_ifs025,5,9.3,,22.9,40.0
talca,2026-07-10,ecmwf_ifs025,6,18.599999999999998,,22.9,40.0
talca,2026-07-10,ecmwf_ifs025,7,0.30000000000000004,,22.9,40.0
talca,2026-07-10,gfs_seamless,1,9.2,18.7,22.9,40.0
talca,2026-07-10,gfs_seamless,2,5.6,22.3,22.9,40.0
talca,2026-07-10,gfs_seamless,3,1.6,12.2,22.9,40.0
talca,2026-07-10,gfs_seamless,4,15.200000000000001,17.6,22.9,40.0
talca,2026-07-10,gfs_seamless,5,8.200000000000001,11.5,22.9,40.0
talca,2026-07-10,gfs_seamless,6,0.0,10.1,22.9,40.0
talca,2026-07-10,gfs_seamless,7,2.6999999999999997,33.5,22.9,40.0
talca,2026-07-10,icon_seamless,1,11.3,25.2,22.9,40.0
talca,2026-07-10,icon_seamless,2,9.4,23.0,22.9,40.0
talca,2026-07-10,icon_seamless,3,8.100000000000001,22.0,22.9,40.0
talca,2026-07-10,icon_seamless,4,8.0,17.6,22.9,40.0
talca,2026-07-10,icon_seamless,5,4.4,15.1,22.9,40.0
talca,2026-07-10,icon_seamless,6,1.1,15.8,22.9,40.0
talca,2026-07-11,best_match,1,0.0,19.1,0.0,25.2
talca,2026-07-11,best_match,2,0.0,19.8,0.0,25.2
talca,2026-07-11,best_match,3,0.0,20.9,0.0,25.2
talca,2026-07-11,best_match,4,0.0,16.9,0.0,25.2
talca,2026-07-11,best_match,5,1.1,13.7,0.0,25.2
talca,2026-07-11,best_match,6,0.0,15.8,0.0,25.2
talca,2026-07-11,best_match,7,0.0,10.1,0.0,25.2
talca,2026-07-11,ecmwf_ifs025,1,0.0,,0.0,25.2
talca,2026-07-11,ecmwf_ifs025,2,0.30000000000000004,,0.0,25.2
talca,2026-07-11,ecmwf_ifs025,3,0.0,,0.0,25.2
talca,2026-07-11,ecmwf_ifs025,4,0.0,,0.0,25.2
talca,2026-07-11,ecmwf_ifs025,5,3.9,,0.0,25.2
talca,2026-07-11,ecmwf_ifs025,6,0.30000000000000004,,0.0,25.2
talca,2026-07-11,ecmwf_ifs025,7,0.0,,0.0,25.2
talca,2026-07-11,gfs_seamless,1,0.0,13.3,0.0,25.2
talca,2026-07-11,gfs_seamless,2,0.0,15.1,0.0,25.2
talca,2026-07-11,gfs_seamless,3,0.0,20.2,0.0,25.2
talca,2026-07-11,gfs_seamless,4,0.0,27.4,0.0,25.2
talca,2026-07-11,gfs_seamless,5,0.0,20.9,0.0,25.2
talca,2026-07-11,gfs_seamless,6,0.7,20.2,0.0,25.2
talca,2026-07-11,gfs_seamless,7,0.0,10.1,0.0,25.2
talca,2026-07-11,icon_seamless,1,0.0,19.1,0.0,25.2
talca,2026-07-11,icon_seamless,2,0.0,19.8,0.0,25.2
talca,2026-07-11,icon_seamless,3,0.0,20.9,0.0,25.2
talca,2026-07-11,icon_seamless,4,1.3,16.9,0.0,25.2
talca,2026-07-11,icon_seamless,5,0.0,13.7,0.0,25.2
talca,2026-07-11,icon_seamless,6,2.0,15.8,0.0,25.2
talca,2026-07-12,best_match,1,0.0,16.6,0.0,12.6
talca,2026-07-12,best_match,2,0.0,13.3,0.0,12.6
talca,2026-07-12,best_match,3,0.0,14.0,0.0,12.6
talca,2026-07-12,best_match,4,0.0,16.9,0.0,12.6
talca,2026-07-12,best_match,5,0.0,15.5,0.0,12.6
talca,2026-07-12,best_match,6,0.0,13.0,0.0,12.6
talca,2026-07-12,best_match,7,0.0,22.0,0.0,12.6
talca,2026-07-12,ecmwf_ifs025,1,0.0,,0.0,12.6
talca,2026-07-12,ecmwf_ifs025,2,0.0,,0.0,12.6
talca,2026-07-12,ecmwf_ifs025,3,0.0,,0.0,12.6
talca,2026-07-12,ecmwf_ifs025,4,0.0,,0.0,12.6
talca,2026-07-12,ecmwf_ifs025,5,0.0,,0.0,12.6
talca,2026-07-12,ecmwf_ifs025,6,0.0,,0.0,12.6
talca,2026-07-12,ecmwf_ifs025,7,0.0,,0.0,12.6
talca,2026-07-12,gfs_seamless,1,0.0,7.6,0.0,12.6
talca,2026-07-12,gfs_seamless,2,0.0,7.2,0.0,12.6
talca,2026-07-12,gfs_seamless,3,0.0,9.4,0.0,12.6
talca,2026-07-12,gfs_seamless,4,0.0,16.6,0.0,12.6
talca,2026-07-12,gfs_seamless,5,0.0,18.4,0.0,12.6
talca,2026-07-12,gfs_seamless,6,0.0,21.2,0.0,12.6
talca,2026-07-12,gfs_seamless,7,0.0,22.0,0.0,12.6
talca,2026-07-12,icon_seamless,1,0.0,16.6,0.0,12.6
talca,2026-07-12,icon_seamless,2,0.0,13.3,0.0,12.6
talca,2026-07-12,icon_seamless,3,0.0,14.0,0.0,12.6
talca,2026-07-12,icon_seamless,4,0.0,16.9,0.0,12.6
talca,2026-07-12,icon_seamless,5,0.0,15.5,0.0,12.6
talca,2026-07-12,icon_seamless,6,1.2000000000000002,13.0,0.0,12.6
talca,2026-07-13,best_match,1,0.0,13.3,0.0,11.5
talca,2026-07-13,best_match,2,0.0,9.0,0.0,11.5
talca,2026-07-13,best_match,3,0.0,13.0,0.0,11.5
talca,2026-07-13,best_match,4,0.0,21.6,0.0,11.5
talca,2026-07-13,best_match,5,0.0,30.6,0.0,11.5
talca,2026-07-13,best_match,6,4.699999999999999,28.8,0.0,11.5
talca,2026-07-13,best_match,7,4.199999999999999,9.4,0.0,11.5
talca,2026-07-13,ecmwf_ifs025,1,0.0,,0.0,11.5
talca,2026-07-13,ecmwf_ifs025,2,0.0,,0.0,11.5
talca,2026-07-13,ecmwf_ifs025,3,0.0,,0.0,11.5
talca,2026-07-13,ecmwf_ifs025,4,0.0,,0.0,11.5
talca,2026-07-13,ecmwf_ifs025,5,0.0,,0.0,11.5
talca,2026-07-13,ecmwf_ifs025,6,3.0,,0.0,11.5
talca,2026-07-13,ecmwf_ifs025,7,8.700000000000001,,0.0,11.5
talca,2026-07-13,gfs_seamless,1,0.0,5.0,0.0,11.5
talca,2026-07-13,gfs_seamless,2,0.0,4.7,0.0,11.5
talca,2026-07-13,gfs_seamless,3,0.0,7.2,0.0,11.5
talca,2026-07-13,gfs_seamless,4,0.0,5.0,0.0,11.5
talca,2026-07-13,gfs_seamless,5,0.0,6.8,0.0,11.5
talca,2026-07-13,gfs_seamless,6,0.0,27.0,0.0,11.5
talca,2026-07-13,gfs_seamless,7,0.0,9.4,0.0,11.5
talca,2026-07-13,icon_seamless,1,0.0,13.3,0.0,11.5
talca,2026-07-13,icon_seamless,2,0.0,9.0,0.0,11.5
talca,2026-07-13,icon_seamless,3,0.0,13.0,0.0,11.5
talca,2026-07-13,icon_seamless,4,1.0,21.6,0.0,11.5
talca,2026-07-13,icon_seamless,5,1.9,30.6,0.0,11.5
talca,2026-07-13,icon_seamless,6,22.4,28.8,0.0,11.5
talca,2026-07-14,best_match,1,0.6,40.3,1.3,35.6
talca,2026-07-14,best_match,2,0.2,37.1,1.3,35.6
talca,2026-07-14,best_match,3,0.4,27.0,1.3,35.6
talca,2026-07-14,best_match,4,0.0,43.2,1.3,35.6
talca,2026-07-14,best_match,5,11.200000000000001,16.2,1.3,35.6
talca,2026-07-14,best_match,6,10.3,17.3,1.3,35.6
talca,2026-07-14,best_match,7,0.8,29.2,1.3,35.6
talca,2026-07-14,ecmwf_ifs025,1,1.2000000000000002,,1.3,35.6
talca,2026-07-14,ecmwf_ifs025,2,1.8,,1.3,35.6
talca,2026-07-14,ecmwf_ifs025,3,0.0,,1.3,35.6
talca,2026-07-14,ecmwf_ifs025,4,0.0,,1.3,35.6
talca,2026-07-14,ecmwf_ifs025,5,5.3999999999999995,,1.3,35.6
talca,2026-07-14,ecmwf_ifs025,6,15.0,,1.3,35.6
talca,2026-07-14,ecmwf_ifs025,7,0.6000000000000001,,1.3,35.6
talca,2026-07-14,gfs_seamless,1,0.0,29.2,1.3,35.6
talca,2026-07-14,gfs_seamless,2,0.1,44.6,1.3,35.6
talca,2026-07-14,gfs_seamless,3,0.0,17.3,1.3,35.6
talca,2026-07-14,gfs_seamless,4,0.4,8.3,1.3,35.6
talca,2026-07-14,gfs_seamless,5,1.7,12.6,1.3,35.6
talca,2026-07-14,gfs_seamless,6,1.8,20.2,1.3,35.6
talca,2026-07-14,gfs_seamless,7,1.3000000000000003,29.2,1.3,35.6
talca,2026-07-14,icon_seamless,1,1.7000000000000002,40.3,1.3,35.6
talca,2026-07-14,icon_seamless,2,7.199999999999999,37.1,1.3,35.6
talca,2026-07-14,icon_seamless,3,0.1,27.0,1.3,35.6
talca,2026-07-14,icon_seamless,4,29.5,43.2,1.3,35.6
talca,2026-07-14,icon_seamless,5,2.7,16.2,1.3,35.6
talca,2026-07-14,icon_seamless,6,14.600000000000001,17.3,1.3,35.6
talca,2026-07-15,best_match,1,19.4,33.5,14.9,41.0
talca,2026-07-15,best_match,2,32.6,40.0,14.9,41.0
talca,2026-07-15,best_match,3,22.0,29.9,14.9,41.0
talca,2026-07-15,best_match,4,32.1,37.4,14.9,41.0
talca,2026-07-15,best_match,5,43.2,49.0,14.9,41.0
talca,2026-07-15,best_match,6,33.3,42.1,14.9,41.0
talca,2026-07-15,best_match,7,14.7,41.4,14.9,41.0
talca,2026-07-15,ecmwf_ifs025,1,36.0,,14.9,41.0
talca,2026-07-15,ecmwf_ifs025,2,38.7,,14.9,41.0
talca,2026-07-15,ecmwf_ifs025,3,30.299999999999997,,14.9,41.0
talca,2026-07-15,ecmwf_ifs025,4,44.1,,14.9,41.0
talca,2026-07-15,ecmwf_ifs025,5,52.199999999999996,,14.9,41.0
talca,2026-07-15,ecmwf_ifs025,6,38.1,,14.9,41.0
talca,2026-07-15,ecmwf_ifs025,7,19.8,,14.9,41.0
talca,2026-07-15,gfs_seamless,1,1.5,58.3,14.9,41.0
talca,2026-07-15,gfs_seamless,2,13.700000000000001,49.0,14.9,41.0
talca,2026-07-15,gfs_seamless,3,6.6,41.4,14.9,41.0
talca,2026-07-15,gfs_seamless,4,1.5,39.2,14.9,41.0
talca,2026-07-15,gfs_seamless,5,2.1,28.8,14.9,41.0
talca,2026-07-15,gfs_seamless,6,4.500000000000001,31.0,14.9,41.0
talca,2026-07-15,gfs_seamless,7,3.0,41.4,14.9,41.0
talca,2026-07-15,icon_seamless,1,45.2,33.5,14.9,41.0
talca,2026-07-15,icon_seamless,2,75.19999999999999,40.0,14.9,41.0
talca,2026-07-15,icon_seamless,3,53.3,29.9,14.9,41.0
talca,2026-07-15,icon_seamless,4,58.4,37.4,14.9,41.0
talca,2026-07-15,icon_seamless,5,55.4,49.0,14.9,41.0
talca,2026-07-15,icon_seamless,6,18.2,42.1,14.9,41.0
talca,2026-07-16,best_match,1,36.7,92.5,60.8,70.6
talca,2026-07-16,best_match,2,38.7,94.0,60.8,70.6
talca,2026-07-16,best_match,3,41.099999999999994,86.8,60.8,70.6
talca,2026-07-16,best_match,4,75.5,96.5,60.8,70.6
talca,2026-07-16,best_match,5,60.2,64.1,60.8,70.6
talca,2026-07-16,best_match,6,50.400000000000006,92.5,60.8,70.6
talca,2026-07-16,best_match,7,32.6,84.6,60.8,70.6
talca,2026-07-16,ecmwf_ifs025,1,38.400000000000006,,60.8,70.6
talca,2026-07-16,ecmwf_ifs025,2,36.9,,60.8,70.6
talca,2026-07-16,ecmwf_ifs025,3,38.4,,60.8,70.6
talca,2026-07-16,ecmwf_ifs025,4,67.80000000000001,,60.8,70.6
talca,2026-07-16,ecmwf_ifs025,5,72.3,,60.8,70.6
talca,2026-07-16,ecmwf_ifs025,6,53.1,,60.8,70.6
talca,2026-07-16,ecmwf_ifs025,7,29.1,,60.8,70.6
talca,2026-07-16,gfs_seamless,1,42.599999999999994,105.1,60.8,70.6
talca,2026-07-16,gfs_seamless,2,45.9,101.5,60.8,70.6
talca,2026-07-16,gfs_seamless,3,26.8,103.3,60.8,70.6
talca,2026-07-16,gfs_seamless,4,39.6,100.1,60.8,70.6
talca,2026-07-16,gfs_seamless,5,7.4,90.0,60.8,70.6
talca,2026-07-16,gfs_seamless,6,1.0,91.4,60.8,70.6
talca,2026-07-16,gfs_seamless,7,2.3,84.6,60.8,70.6
talca,2026-07-16,icon_seamless,1,55.2,92.5,60.8,70.6
talca,2026-07-16,icon_seamless,2,52.9,94.0,60.8,70.6
talca,2026-07-16,icon_seamless,3,44.7,86.8,60.8,70.6
talca,2026-07-16,icon_seamless,4,78.3,96.5,60.8,70.6
talca,2026-07-16,icon_seamless,5,49.599999999999994,64.1,60.8,70.6
talca,2026-07-16,icon_seamless,6,48.6,92.5,60.8,70.6
talca,2026-07-17,best_match,1,59.599999999999994,56.2,77.2,56.2
talca,2026-07-17,best_match,2,34.8,61.6,77.2,56.2
talca,2026-07-17,best_match,3,61.9,38.2,77.2,56.2
talca,2026-07-17,best_match,4,32.300000000000004,81.4,77.2,56.2
talca,2026-07-17,best_match,5,16.0,58.0,77.2,56.2
talca,2026-07-17,best_match,6,22.6,85.0,77.2,56.2
talca,2026-07-17,best_match,7,11.399999999999999,95.8,77.2,56.2
talca,2026-07-17,ecmwf_ifs025,1,56.7,,77.2,56.2
talca,2026-07-17,ecmwf_ifs025,2,55.5,,77.2,56.2
talca,2026-07-17,ecmwf_ifs025,3,55.199999999999996,,77.2,56.2
talca,2026-07-17,ecmwf_ifs025,4,26.700000000000003,,77.2,56.2
talca,2026-07-17,ecmwf_ifs025,5,19.200000000000003,,77.2,56.2
talca,2026-07-17,ecmwf_ifs025,6,30.3,,77.2,56.2
talca,2026-07-17,ecmwf_ifs025,7,6.300000000000001,,77.2,56.2
talca,2026-07-17,gfs_seamless,1,44.0,38.5,77.2,56.2
talca,2026-07-17,gfs_seamless,2,56.6,52.9,77.2,56.2
talca,2026-07-17,gfs_seamless,3,63.8,51.8,77.2,56.2
talca,2026-07-17,gfs_seamless,4,52.7,61.2,77.2,56.2
talca,2026-07-17,gfs_seamless,5,10.9,76.7,77.2,56.2
talca,2026-07-17,gfs_seamless,6,19.1,94.3,77.2,56.2
talca,2026-07-17,gfs_seamless,7,33.4,95.8,77.2,56.2
talca,2026-07-17,icon_seamless,1,50.6,56.2,77.2,56.2
talca,2026-07-17,icon_seamless,2,38.2,61.6,77.2,56.2
talca,2026-07-17,icon_seamless,3,16.0,38.2,77.2,56.2
talca,2026-07-17,icon_seamless,4,14.3,81.4,77.2,56.2
talca,2026-07-17,icon_seamless,5,82.1,58.0,77.2,56.2
talca,2026-07-17,icon_seamless,6,26.1,85.0,77.2,56.2
talca,2026-07-18,best_match,1,40.0,63.4,18.7,47.2
talca,2026-07-18,best_match,2,14.1,56.2,18.7,47.2
talca,2026-07-18,best_match,3,17.6,52.6,18.7,47.2
talca,2026-07-18,best_match,4,14.8,49.7,18.7,47.2
talca,2026-07-18,best_match,5,39.2,26.6,18.7,47.2
talca,2026-07-18,best_match,6,42.0,95.0,18.7,47.2
talca,2026-07-18,best_match,7,41.1,38.2,18.7,47.2
talca,2026-07-18,ecmwf_ifs025,1,28.2,,18.7,47.2
talca,2026-07-18,ecmwf_ifs025,2,20.700000000000003,,18.7,47.2
talca,2026-07-18,ecmwf_ifs025,3,20.400000000000002,,18.7,47.2
talca,2026-07-18,ecmwf_ifs025,4,6.6000000000000005,,18.7,47.2
talca,2026-07-18,ecmwf_ifs025,5,33.9,,18.7,47.2
talca,2026-07-18,ecmwf_ifs025,6,36.300000000000004,,18.7,47.2
talca,2026-07-18,ecmwf_ifs025,7,45.3,,18.7,47.2
talca,2026-07-18,gfs_seamless,1,13.1,67.0,18.7,47.2
talca,2026-07-18,gfs_seamless,2,21.8,51.5,18.7,47.2
talca,2026-07-18,gfs_seamless,3,24.3,34.6,18.7,47.2
talca,2026-07-18,gfs_seamless,4,1.8000000000000003,35.3,18.7,47.2
talca,2026-07-18,gfs_seamless,5,24.1,48.6,18.7,47.2
talca,2026-07-18,gfs_seamless,6,3.6000000000000005,78.5,18.7,47.2
talca,2026-07-18,gfs_seamless,7,10.3,38.2,18.7,47.2
talca,2026-07-18,icon_seamless,1,26.9,63.4,18.7,47.2
talca,2026-07-18,icon_seamless,2,31.6,56.2,18.7,47.2
talca,2026-07-18,icon_seamless,3,19.6,52.6,18.7,47.2
talca,2026-07-18,icon_seamless,4,29.799999999999997,49.7,18.7,47.2
talca,2026-07-18,icon_seamless,5,6.2,26.6,18.7,47.2
talca,2026-07-18,icon_seamless,6,18.9,95.0,18.7,47.2
temuco,2026-07-05,best_match,1,0.0,10.8,0.0,13.3
temuco,2026-07-05,best_match,2,0.0,10.1,0.0,13.3
temuco,2026-07-05,best_match,3,0.0,10.4,0.0,13.3
temuco,2026-07-05,best_match,4,0.2,11.2,0.0,13.3
temuco,2026-07-05,best_match,5,0.30000000000000004,19.8,0.0,13.3
temuco,2026-07-05,best_match,6,0.0,13.3,0.0,13.3
temuco,2026-07-05,best_match,7,0.0,6.8,0.0,13.3
temuco,2026-07-05,ecmwf_ifs025,1,0.0,,0.0,13.3
temuco,2026-07-05,ecmwf_ifs025,2,0.0,,0.0,13.3
temuco,2026-07-05,ecmwf_ifs025,3,0.0,,0.0,13.3
temuco,2026-07-05,ecmwf_ifs025,4,0.0,,0.0,13.3
temuco,2026-07-05,ecmwf_ifs025,5,0.6000000000000001,,0.0,13.3
temuco,2026-07-05,ecmwf_ifs025,6,0.0,,0.0,13.3
temuco,2026-07-05,ecmwf_ifs025,7,0.0,,0.0,13.3
temuco,2026-07-05,gfs_seamless,1,0.0,5.0,0.0,13.3
temuco,2026-07-05,gfs_seamless,2,0.0,15.1,0.0,13.3
temuco,2026-07-05,gfs_seamless,3,0.0,5.8,0.0,13.3
temuco,2026-07-05,gfs_seamless,4,0.0,10.4,0.0,13.3
temuco,2026-07-05,gfs_seamless,5,0.0,12.6,0.0,13.3
temuco,2026-07-05,gfs_seamless,6,0.0,10.8,0.0,13.3
temuco,2026-07-05,gfs_seamless,7,0.0,6.8,0.0,13.3
temuco,2026-07-05,icon_seamless,1,0.0,10.8,0.0,13.3
temuco,2026-07-05,icon_seamless,2,0.0,10.1,0.0,13.3
temuco,2026-07-05,icon_seamless,3,0.0,10.4,0.0,13.3
temuco,2026-07-05,icon_seamless,4,0.0,11.2,0.0,13.3
temuco,2026-07-05,icon_seamless,5,1.2000000000000002,19.8,0.0,13.3
temuco,2026-07-05,icon_seamless,6,0.0,13.3,0.0,13.3
temuco,2026-07-06,best_match,1,0.0,13.0,0.6,19.1
temuco,2026-07-06,best_match,2,0.0,12.6,0.6,19.1
temuco,2026-07-06,best_match,3,0.0,11.5,0.6,19.1
temuco,2026-07-06,best_match,4,0.30000000000000004,12.6,0.6,19.1
temuco,2026-07-06,best_match,5,0.0,22.3,0.6,19.1
temuco,2026-07-06,best_match,6,0.6000000000000001,21.2,0.6,19.1
temuco,2026-07-06,best_match,7,0.0,4.3,0.6,19.1
temuco,2026-07-06,ecmwf_ifs025,1,0.0,,0.6,19.1
temuco,2026-07-06,ecmwf_ifs025,2,0.0,,0.6,19.1
temuco,2026-07-06,ecmwf_ifs025,3,0.0,,0.6,19.1
temuco,2026-07-06,ecmwf_ifs025,4,0.0,,0.6,19.1
temuco,2026-07-06,ecmwf_ifs025,5,0.0,,0.6,19.1
temuco,2026-07-06,ecmwf_ifs025,6,0.6000000000000001,,0.6,19.1
temuco,2026-07-06,ecmwf_ifs025,7,0.0,,0.6,19.1
temuco,2026-07-06,gfs_seamless,1,0.0,11.5,0.6,19.1
temuco,2026-07-06,gfs_seamless,2,0.0,13.3,0.6,19.1
temuco,2026-07-06,gfs_seamless,3,0.0,19.8,0.6,19.1
temuco,2026-07-06,gfs_seamless,4,0.0,11.5,0.6,19.1
temuco,2026-07-06,gfs_seamless,5,0.0,3.6,0.6,19.1
temuco,2026-07-06,gfs_seamless,6,0.0,10.1,0.6,19.1
temuco,2026-07-06,gfs_seamless,7,0.0,4.3,0.6,19.1
temuco,2026-07-06,icon_seamless,1,0.0,13.0,0.6,19.1
temuco,2026-07-06,icon_seamless,2,0.4,12.6,0.6,19.1
temuco,2026-07-06,icon_seamless,3,0.0,11.5,0.6,19.1
temuco,2026-07-06,icon_seamless,4,0.0,12.6,0.6,19.1
temuco,2026-07-06,icon_seamless,5,0.0,22.3,0.6,19.1
temuco,2026-07-06,icon_seamless,6,0.0,21.2,0.6,19.1
temuco,2026-07-07,best_match,1,10.5,36.7,16.3,54.7
temuco,2026-07-07,best_match,2,29.4,40.3,16.3,54.7
temuco,2026-07-07,best_match,3,50.1,31.0,16.3,54.7
temuco,2026-07-07,best_match,4,38.400000000000006,29.9,16.3,54.7
temuco,2026-07-07,best_match,5,24.599999999999998,45.0,16.3,54.7
temuco,2026-07-07,best_match,6,59.5,43.9,16.3,54.7
temuco,2026-07-07,best_match,7,19.9,64.8,16.3,54.7
temuco,2026-07-07,ecmwf_ifs025,1,26.700000000000003,,16.3,54.7
temuco,2026-07-07,ecmwf_ifs025,2,32.7,,16.3,54.7
temuco,2026-07-07,ecmwf_ifs025,3,44.400000000000006,,16.3,54.7
temuco,2026-07-07,ecmwf_ifs025,4,40.2,,16.3,54.7
temuco,2026-07-07,ecmwf_ifs025,5,30.6,,16.3,54.7
temuco,2026-07-07,ecmwf_ifs025,6,63.900000000000006,,16.3,54.7
temuco,2026-07-07,ecmwf_ifs025,7,27.6,,16.3,54.7
temuco,2026-07-07,gfs_seamless,1,10.700000000000001,53.3,16.3,54.7
temuco,2026-07-07,gfs_seamless,2,9.1,51.8,16.3,54.7
temuco,2026-07-07,gfs_seamless,3,13.899999999999999,55.8,16.3,54.7
temuco,2026-07-07,gfs_seamless,4,22.8,58.0,16.3,54.7
temuco,2026-07-07,gfs_seamless,5,12.8,53.6,16.3,54.7
temuco,2026-07-07,gfs_seamless,6,7.6,63.7,16.3,54.7
temuco,2026-07-07,gfs_seamless,7,0.30000000000000004,64.8,16.3,54.7
temuco,2026-07-07,icon_seamless,1,10.2,36.7,16.3,54.7
temuco,2026-07-07,icon_seamless,2,35.7,40.3,16.3,54.7
temuco,2026-07-07,icon_seamless,3,13.600000000000001,31.0,16.3,54.7
temuco,2026-07-07,icon_seamless,4,30.2,29.9,16.3,54.7
temuco,2026-07-07,icon_seamless,5,16.6,45.0,16.3,54.7
temuco,2026-07-07,icon_seamless,6,32.3,43.9,16.3,54.7
temuco,2026-07-08,best_match,1,16.6,54.4,15.0,65.9
temuco,2026-07-08,best_match,2,25.800000000000004,38.2,15.0,65.9
temuco,2026-07-08,best_match,3,39.599999999999994,40.0,15.0,65.9
temuco,2026-07-08,best_match,4,28.7,36.0,15.0,65.9
temuco,2026-07-08,best_match,5,19.5,65.9,15.0,65.9
temuco,2026-07-08,best_match,6,32.9,54.0,15.0,65.9
temuco,2026-07-08,best_match,7,21.2,69.8,15.0,65.9
temuco,2026-07-08,ecmwf_ifs025,1,20.1,,15.0,65.9
temuco,2026-07-08,ecmwf_ifs025,2,27.9,,15.0,65.9
temuco,2026-07-08,ecmwf_ifs025,3,36.3,,15.0,65.9
temuco,2026-07-08,ecmwf_ifs025,4,39.599999999999994,,15.0,65.9
temuco,2026-07-08,ecmwf_ifs025,5,17.4,,15.0,65.9
temuco,2026-07-08,ecmwf_ifs025,6,49.5,,15.0,65.9
temuco,2026-07-08,ecmwf_ifs025,7,15.9,,15.0,65.9
temuco,2026-07-08,gfs_seamless,1,15.3,64.1,15.0,65.9
temuco,2026-07-08,gfs_seamless,2,8.8,69.8,15.0,65.9
temuco,2026-07-08,gfs_seamless,3,43.1,68.4,15.0,65.9
temuco,2026-07-08,gfs_seamless,4,51.8,20.9,15.0,65.9
temuco,2026-07-08,gfs_seamless,5,2.6,66.6,15.0,65.9
temuco,2026-07-08,gfs_seamless,6,5.1,59.0,15.0,65.9
temuco,2026-07-08,gfs_seamless,7,36.1,69.8,15.0,65.9
temuco,2026-07-08,icon_seamless,1,15.400000000000002,54.4,15.0,65.9
temuco,2026-07-08,icon_seamless,2,34.6,38.2,15.0,65.9
temuco,2026-07-08,icon_seamless,3,28.7,40.0,15.0,65.9
temuco,2026-07-08,icon_seamless,4,22.1,36.0,15.0,65.9
temuco,2026-07-08,icon_seamless,5,23.9,65.9,15.0,65.9
temuco,2026-07-08,icon_seamless,6,54.3,54.0,15.0,65.9
temuco,2026-07-09,best_match,1,0.8,11.9,1.5,15.8
temuco,2026-07-09,best_match,2,1.3,20.5,1.5,15.8
temuco,2026-07-09,best_match,3,13.100000000000001,16.6,1.5,15.8
temuco,2026-07-09,best_match,4,27.9,24.5,1.5,15.8
temuco,2026-07-09,best_match,5,7.3999999999999995,38.2,1.5,15.8
temuco,2026-07-09,best_match,6,26.200000000000003,31.0,1.5,15.8
temuco,2026-07-09,best_match,7,5.300000000000001,59.8,1.5,15.8
temuco,2026-07-09,ecmwf_ifs025,1,0.9000000000000001,,1.5,15.8
temuco,2026-07-09,ecmwf_ifs025,2,1.2000000000000002,,1.5,15.8
temuco,2026-07-09,ecmwf_ifs025,3,9.6,,1.5,15.8
temuco,2026-07-09,ecmwf_ifs025,4,32.1,,1.5,15.8
temuco,2026-07-09,ecmwf_ifs025,5,17.1,,1.5,15.8
temuco,2026-07-09,ecmwf_ifs025,6,22.799999999999997,,1.5,15.8
temuco,2026-07-09,ecmwf_ifs025,7,9.0,,1.5,15.8
temuco,2026-07-09,gfs_seamless,1,0.1,34.2,1.5,15.8
temuco,2026-07-09,gfs_seamless,2,0.1,12.2,1.5,15.8
temuco,2026-07-09,gfs_seamless,3,12.8,49.7,1.5,15.8
temuco,2026-07-09,gfs_seamless,4,8.1,25.6,1.5,15.8
temuco,2026-07-09,gfs_seamless,5,0.2,14.4,1.5,15.8
temuco,2026-07-09,gfs_seamless,6,0.0,6.8,1.5,15.8
temuco,2026-07-09,gfs_seamless,7,7.199999999999999,59.8,1.5,15.8
temuco,2026-07-09,icon_seamless,1,5.300000000000001,11.9,1.5,15.8
temuco,2026-07-09,icon_seamless,2,4.7,20.5,1.5,15.8
temuco,2026-07-09,icon_seamless,3,4.0,16.6,1.5,15.8
temuco,2026-07-09,icon_seamless,4,0.9000000000000001,24.5,1.5,15.8
temuco,2026-07-09,icon_seamless,5,4.7,38.2,1.5,15.8
temuco,2026-07-09,icon_seamless,6,8.7,31.0,1.5,15.8
temuco,2026-07-10,best_match,1,11.4,11.5,20.8,28.8
temuco,2026-07-10,best_match,2,16.1,43.2,20.8,28.8
temuco,2026-07-10,best_match,3,11.0,42.1,20.8,28.8
temuco,2026-07-10,best_match,4,10.8,16.6,20.8,28.8
temuco,2026-07-10,best_match,5,2.0,15.5,20.8,28.8
temuco,2026-07-10,best_match,6,14.099999999999998,21.2,20.8,28.8
temuco,2026-07-10,best_match,7,1.7000000000000002,64.4,20.8,28.8
temuco,2026-07-10,ecmwf_ifs025,1,24.6,,20.8,28.8
temuco,2026-07-10,ecmwf_ifs025,2,14.100000000000001,,20.8,28.8
temuco,2026-07-10,ecmwf_ifs025,3,15.3,,20.8,28.8
temuco,2026-07-10,ecmwf_ifs025,4,15.000000000000002,,20.8,28.8
temuco,2026-07-10,ecmwf_ifs025,5,6.300000000000001,,20.8,28.8
temuco,2026-07-10,ecmwf_ifs025,6,18.299999999999997,,20.8,28.8
temuco,2026-07-10,ecmwf_ifs025,7,1.8000000000000003,,20.8,28.8
temuco,2026-07-10,gfs_seamless,1,6.300000000000001,15.1,20.8,28.8
temuco,2026-07-10,gfs_seamless,2,14.2,54.0,20.8,28.8
temuco,2026-07-10,gfs_seamless,3,23.4,56.5,20.8,28.8
temuco,2026-07-10,gfs_seamless,4,46.5,43.2,20.8,28.8
temuco,2026-07-10,gfs_seamless,5,2.1999999999999997,34.9,20.8,28.8
temuco,2026-07-10,gfs_seamless,6,1.2000000000000002,49.3,20.8,28.8
temuco,2026-07-10,gfs_seamless,7,9.9,64.4,20.8,28.8
temuco,2026-07-10,icon_seamless,1,5.5,11.5,20.8,28.8
temuco,2026-07-10,icon_seamless,2,10.0,43.2,20.8,28.8
temuco,2026-07-10,icon_seamless,3,3.8000000000000003,42.1,20.8,28.8
temuco,2026-07-10,icon_seamless,4,0.8,16.6,20.8,28.8
temuco,2026-07-10,icon_seamless,5,2.0,15.5,20.8,28.8
temuco,2026-07-10,icon_seamless,6,1.2000000000000002,21.2,20.8,28.8
temuco,2026-07-11,best_match,1,0.0,14.0,0.0,15.5
temuco,2026-07-11,best_match,2,0.0,7.2,0.0,15.5
temuco,2026-07-11,best_match,3,0.0,16.2,0.0,15.5
temuco,2026-07-11,best_match,4,0.0,10.1,0.0,15.5
temuco,2026-07-11,best_match,5,0.1,10.8,0.0,15.5
temuco,2026-07-11,best_match,6,18.599999999999998,40.7,0.0,15.5
temuco,2026-07-11,best_match,7,1.6,33.1,0.0,15.5
temuco,2026-07-11,ecmwf_ifs025,1,0.0,,0.0,15.5
temuco,2026-07-11,ecmwf_ifs025,2,0.0,,0.0,15.5
temuco,2026-07-11,ecmwf_ifs025,3,0.0,,0.0,15.5
temuco,2026-07-11,ecmwf_ifs025,4,0.0,,0.0,15.5
temuco,2026-07-11,ecmwf_ifs025,5,0.30000000000000004,,0.0,15.5
temuco,2026-07-11,ecmwf_ifs025,6,13.8,,0.0,15.5
temuco,2026-07-11,ecmwf_ifs025,7,2.4000000000000004,,0.0,15.5
temuco,2026-07-11,gfs_seamless,1,0.0,6.5,0.0,15.5
temuco,2026-07-11,gfs_seamless,2,0.5,6.5,0.0,15.5
temuco,2026-07-11,gfs_seamless,3,0.30000000000000004,29.9,0.0,15.5
temuco,2026-07-11,gfs_seamless,4,1.3,17.6,0.0,15.5
temuco,2026-07-11,gfs_seamless,5,0.0,9.0,0.0,15.5
temuco,2026-07-11,gfs_seamless,6,1.2000000000000002,24.5,0.0,15.5
temuco,2026-07-11,gfs_seamless,7,2.5,33.1,0.0,15.5
temuco,2026-07-11,icon_seamless,1,0.2,14.0,0.0,15.5
temuco,2026-07-11,icon_seamless,2,0.1,7.2,0.0,15.5
temuco,2026-07-11,icon_seamless,3,0.1,16.2,0.0,15.5
temuco,2026-07-11,icon_seamless,4,0.0,10.1,0.0,15.5
temuco,2026-07-11,icon_seamless,5,0.2,10.8,0.0,15.5
temuco,2026-07-11,icon_seamless,6,3.9,40.7,0.0,15.5
temuco,2026-07-12,best_match,1,0.0,14.8,0.0,23.8
temuco,2026-07-12,best_match,2,0.0,12.2,0.0,23.8
temuco,2026-07-12,best_match,3,0.0,17.6,0.0,23.8
temuco,2026-07-12,best_match,4,0.0,17.3,0.0,23.8
temuco,2026-07-12,best_match,5,2.0,37.8,0.0,23.8
temuco,2026-07-12,best_match,6,7.4,29.5,0.0,23.8
temuco,2026-07-12,best_match,7,3.2,12.2,0.0,23.8
temuco,2026-07-12,ecmwf_ifs025,1,0.0,,0.0,23.8
temuco,2026-07-12,ecmwf_ifs025,2,0.0,,0.0,23.8
temuco,2026-07-12,ecmwf_ifs025,3,0.0,,0.0,23.8
temuco,2026-07-12,ecmwf_ifs025,4,0.0,,0.0,23.8
temuco,2026-07-12,ecmwf_ifs025,5,0.6000000000000001,,0.0,23.8
temuco,2026-07-12,ecmwf_ifs025,6,6.0,,0.0,23.8
temuco,2026-07-12,ecmwf_ifs025,7,6.0,,0.0,23.8
temuco,2026-07-12,gfs_seamless,1,0.0,7.6,0.0,23.8
temuco,2026-07-12,gfs_seamless,2,0.0,6.8,0.0,23.8
temuco,2026-07-12,gfs_seamless,3,0.0,5.0,0.0,23.8
temuco,2026-07-12,gfs_seamless,4,0.0,5.0,0.0,23.8
temuco,2026-07-12,gfs_seamless,5,0.0,6.5,0.0,23.8
temuco,2026-07-12,gfs_seamless,6,0.0,5.8,0.0,23.8
temuco,2026-07-12,gfs_seamless,7,0.0,12.2,0.0,23.8
temuco,2026-07-12,icon_seamless,1,0.0,14.8,0.0,23.8
temuco,2026-07-12,icon_seamless,2,0.0,12.2,0.0,23.8
temuco,2026-07-12,icon_seamless,3,0.2,17.6,0.0,23.8
temuco,2026-07-12,icon_seamless,4,0.7,17.3,0.0,23.8
temuco,2026-07-12,icon_seamless,5,4.1000000000000005,37.8,0.0,23.8
temuco,2026-07-12,icon_seamless,6,6.1,29.5,0.0,23.8
temuco,2026-07-13,best_match,1,8.5,34.6,5.1,52.6
temuco,2026-07-13,best_match,2,18.4,31.7,5.1,52.6
temuco,2026-07-13,best_match,3,11.0,39.6,5.1,52.6
temuco,2026-07-13,best_match,4,14.2,38.2,5.1,52.6
temuco,2026-07-13,best_match,5,19.200000000000003,56.9,5.1,52.6
temuco,2026-07-13,best_match,6,17.3,28.8,5.1,52.6
temuco,2026-07-13,best_match,7,5.300000000000001,45.4,5.1,52.6
temuco,2026-07-13,ecmwf_ifs025,1,7.800000000000001,,5.1,52.6
temuco,2026-07-13,ecmwf_ifs025,2,6.0,,5.1,52.6
temuco,2026-07-13,ecmwf_ifs025,3,9.3,,5.1,52.6
temuco,2026-07-13,ecmwf_ifs025,4,15.000000000000002,,5.1,52.6
temuco,2026-07-13,ecmwf_ifs025,5,17.4,,5.1,52.6
temuco,2026-07-13,ecmwf_ifs025,6,15.3,,5.1,52.6
temuco,2026-07-13,ecmwf_ifs025,7,4.8,,5.1,52.6
temuco,2026-07-13,gfs_seamless,1,4.9,34.6,5.1,52.6
temuco,2026-07-13,gfs_seamless,2,13.0,34.9,5.1,52.6
temuco,2026-07-13,gfs_seamless,3,4.4,37.1,5.1,52.6
temuco,2026-07-13,gfs_seamless,4,2.4000000000000004,38.5,5.1,52.6
temuco,2026-07-13,gfs_seamless,5,3.0,46.4,5.1,52.6
temuco,2026-07-13,gfs_seamless,6,4.9,40.7,5.1,52.6
temuco,2026-07-13,gfs_seamless,7,3.6,45.4,5.1,52.6
temuco,2026-07-13,icon_seamless,1,2.2,34.6,5.1,52.6
temuco,2026-07-13,icon_seamless,2,5.0,31.7,5.1,52.6
temuco,2026-07-13,icon_seamless,3,3.0,39.6,5.1,52.6
temuco,2026-07-13,icon_seamless,4,3.3000000000000003,38.2,5.1,52.6
temuco,2026-07-13,icon_seamless,5,4.7,56.9,5.1,52.6
temuco,2026-07-13,icon_seamless,6,6.800000000000001,28.8,5.1,52.6
temuco,2026-07-14,best_match,1,18.9,76.7,16.2,68.8
temuco,2026-07-14,best_match,2,16.6,77.0,16.2,68.8
temuco,2026-07-14,best_match,3,35.7,54.0,16.2,68.8
temuco,2026-07-14,best_match,4,28.0,20.2,16.2,68.8
temuco,2026-07-14,best_match,5,10.100000000000001,51.8,16.2,68.8
temuco,2026-07-14,best_match,6,7.5,46.8,16.2,68.8
temuco,2026-07-14,best_match,7,6.800000000000001,48.2,16.2,68.8
temuco,2026-07-14,ecmwf_ifs025,1,21.0,,16.2,68.8
temuco,2026-07-14,ecmwf_ifs025,2,18.299999999999997,,16.2,68.8
temuco,2026-07-14,ecmwf_ifs025,3,39.3,,16.2,68.8
temuco,2026-07-14,ecmwf_ifs025,4,28.799999999999997,,16.2,68.8
temuco,2026-07-14,ecmwf_ifs025,5,14.1,,16.2,68.8
temuco,2026-07-14,ecmwf_ifs025,6,9.0,,16.2,68.8
temuco,2026-07-14,ecmwf_ifs025,7,6.6,,16.2,68.8
temuco,2026-07-14,gfs_seamless,1,42.5,68.8,16.2,68.8
temuco,2026-07-14,gfs_seamless,2,40.699999999999996,72.7,16.2,68.8
temuco,2026-07-14,gfs_seamless,3,18.9,60.8,16.2,68.8
temuco,2026-07-14,gfs_seamless,4,1.5,33.8,16.2,68.8
temuco,2026-07-14,gfs_seamless,5,4.800000000000001,31.3,16.2,68.8
temuco,2026-07-14,gfs_seamless,6,3.7,36.0,16.2,68.8
temuco,2026-07-14,gfs_seamless,7,4.2,48.2,16.2,68.8
temuco,2026-07-14,icon_seamless,1,33.3,76.7,16.2,68.8
temuco,2026-07-14,icon_seamless,2,34.4,77.0,16.2,68.8
temuco,2026-07-14,icon_seamless,3,35.6,54.0,16.2,68.8
temuco,2026-07-14,icon_seamless,4,6.9,20.2,16.2,68.8
temuco,2026-07-14,icon_seamless,5,2.4000000000000004,51.8,16.2,68.8
temuco,2026-07-14,icon_seamless,6,0.5,46.8,16.2,68.8
temuco,2026-07-15,best_match,1,14.600000000000001,42.8,14.1,42.1
temuco,2026-07-15,best_match,2,13.0,38.9,14.1,42.1
temuco,2026-07-15,best_match,3,32.2,65.2,14.1,42.1
temuco,2026-07-15,best_match,4,38.0,65.2,14.1,42.1
temuco,2026-07-15,best_match,5,34.7,15.1,14.1,42.1
temuco,2026-07-15,best_match,6,24.0,23.0,14.1,42.1
temuco,2026-07-15,best_match,7,1.0,46.8,14.1,42.1
temuco,2026-07-15,ecmwf_ifs025,1,19.5,,14.1,42.1
temuco,2026-07-15,ecmwf_ifs025,2,16.200000000000003,,14.1,42.1
temuco,2026-07-15,ecmwf_ifs025,3,39.9,,14.1,42.1
temuco,2026-07-15,ecmwf_ifs025,4,36.3,,14.1,42.1
temuco,2026-07-15,ecmwf_ifs025,5,42.6,,14.1,42.1
temuco,2026-07-15,ecmwf_ifs025,6,25.200000000000003,,14.1,42.1
temuco,2026-07-15,ecmwf_ifs025,7,2.9999999999999996,,14.1,42.1
temuco,2026-07-15,gfs_seamless,1,33.800000000000004,60.5,14.1,42.1
temuco,2026-07-15,gfs_seamless,2,25.0,58.7,14.1,42.1
temuco,2026-07-15,gfs_seamless,3,50.4,68.8,14.1,42.1
temuco,2026-07-15,gfs_seamless,4,30.9,59.4,14.1,42.1
temuco,2026-07-15,gfs_seamless,5,17.1,52.9,14.1,42.1
temuco,2026-07-15,gfs_seamless,6,2.8000000000000003,35.3,14.1,42.1
temuco,2026-07-15,gfs_seamless,7,9.299999999999999,46.8,14.1,42.1
temuco,2026-07-15,icon_seamless,1,4.9,42.8,14.1,42.1
temuco,2026-07-15,icon_seamless,2,4.3,38.9,14.1,42.1
temuco,2026-07-15,icon_seamless,3,9.1,65.2,14.1,42.1
temuco,2026-07-15,icon_seamless,4,16.0,65.2,14.1,42.1
temuco,2026-07-15,icon_seamless,5,0.2,15.1,14.1,42.1
temuco,2026-07-15,icon_seamless,6,1.6,23.0,14.1,42.1
temuco,2026-07-16,best_match,1,18.4,117.4,27.0,87.5
temuco,2026-07-16,best_match,2,31.9,109.8,27.0,87.5
temuco,2026-07-16,best_match,3,31.6,98.3,27.0,87.5
temuco,2026-07-16,best_match,4,24.299999999999997,83.5,27.0,87.5
temuco,2026-07-16,best_match,5,9.9,76.3,27.0,87.5
temuco,2026-07-16,best_match,6,17.6,75.2,27.0,87.5
temuco,2026-07-16,best_match,7,31.700000000000003,93.6,27.0,87.5
temuco,2026-07-16,ecmwf_ifs025,1,19.8,,27.0,87.5
temuco,2026-07-16,ecmwf_ifs025,2,33.9,,27.0,87.5
temuco,2026-07-16,ecmwf_ifs025,3,31.800000000000004,,27.0,87.5
temuco,2026-07-16,ecmwf_ifs025,4,35.099999999999994,,27.0,87.5
temuco,2026-07-16,ecmwf_ifs025,5,6.6,,27.0,87.5
temuco,2026-07-16,ecmwf_ifs025,6,20.1,,27.0,87.5
temuco,2026-07-16,ecmwf_ifs025,7,29.4,,27.0,87.5
temuco,2026-07-16,gfs_seamless,1,41.0,98.6,27.0,87.5
temuco,2026-07-16,gfs_seamless,2,28.2,94.3,27.0,87.5
temuco,2026-07-16,gfs_seamless,3,26.1,94.3,27.0,87.5
temuco,2026-07-16,gfs_seamless,4,28.7,96.1,27.0,87.5
temuco,2026-07-16,gfs_seamless,5,4.4,95.8,27.0,87.5
temuco,2026-07-16,gfs_seamless,6,3.3000000000000007,94.7,27.0,87.5
temuco,2026-07-16,gfs_seamless,7,8.0,93.6,27.0,87.5
temuco,2026-07-16,icon_seamless,1,23.800000000000004,117.4,27.0,87.5
temuco,2026-07-16,icon_seamless,2,22.5,109.8,27.0,87.5
temuco,2026-07-16,icon_seamless,3,20.8,98.3,27.0,87.5
temuco,2026-07-16,icon_seamless,4,26.099999999999998,83.5,27.0,87.5
temuco,2026-07-16,icon_seamless,5,13.4,76.3,27.0,87.5
temuco,2026-07-16,icon_seamless,6,22.8,75.2,27.0,87.5
temuco,2026-07-17,best_match,1,1.2,10.8,0.6,19.1
temuco,2026-07-17,best_match,2,1.5000000000000002,18.7,0.6,19.1
temuco,2026-07-17,best_match,3,1.2999999999999998,46.4,0.6,19.1
temuco,2026-07-17,best_match,4,4.2,67.0,0.6,19.1
temuco,2026-07-17,best_match,5,1.3,74.9,0.6,19.1
temuco,2026-07-17,best_match,6,11.1,70.2,0.6,19.1
temuco,2026-07-17,best_match,7,0.0,89.3,0.6,19.1
temuco,2026-07-17,ecmwf_ifs025,1,0.30000000000000004,,0.6,19.1
temuco,2026-07-17,ecmwf_ifs025,2,1.5,,0.6,19.1
temuco,2026-07-17,ecmwf_ifs025,3,1.2000000000000002,,0.6,19.1
temuco,2026-07-17,ecmwf_ifs025,4,3.0,,0.6,19.1
temuco,2026-07-17,ecmwf_ifs025,5,3.9000000000000004,,0.6,19.1
temuco,2026-07-17,ecmwf_ifs025,6,12.0,,0.6,19.1
temuco,2026-07-17,ecmwf_ifs025,7,0.30000000000000004,,0.6,19.1
temuco,2026-07-17,gfs_seamless,1,1.6,6.8,0.6,19.1
temuco,2026-07-17,gfs_seamless,2,5.7,12.6,0.6,19.1
temuco,2026-07-17,gfs_seamless,3,7.6,33.8,0.6,19.1
temuco,2026-07-17,gfs_seamless,4,8.5,40.7,0.6,19.1
temuco,2026-07-17,gfs_seamless,5,1.2000000000000002,88.6,0.6,19.1
temuco,2026-07-17,gfs_seamless,6,2.4000000000000004,87.1,0.6,19.1
temuco,2026-07-17,gfs_seamless,7,6.800000000000001,89.3,0.6,19.1
temuco,2026-07-17,icon_seamless,1,0.0,10.8,0.6,19.1
temuco,2026-07-17,icon_seamless,2,0.1,18.7,0.6,19.1
temuco,2026-07-17,icon_seamless,3,0.0,46.4,0.6,19.1
temuco,2026-07-17,icon_seamless,4,9.7,67.0,0.6,19.1
temuco,2026-07-17,icon_seamless,5,3.5,74.9,0.6,19.1
temuco,2026-07-17,icon_seamless,6,11.4,70.2,0.6,19.1
temuco,2026-07-18,best_match,1,10.5,15.8,10.2,23.0
temuco,2026-07-18,best_match,2,18.4,7.2,10.2,23.0
temuco,2026-07-18,best_match,3,9.299999999999999,14.8,10.2,23.0
temuco,2026-07-18,best_match,4,1.5,23.0,10.2,23.0
temuco,2026-07-18,best_match,5,0.6,24.8,10.2,23.0
temuco,2026-07-18,best_match,6,0.0,26.6,10.2,23.0
temuco,2026-07-18,best_match,7,7.699999999999999,60.5,10.2,23.0
temuco,2026-07-18,ecmwf_ifs025,1,15.0,,10.2,23.0
temuco,2026-07-18,ecmwf_ifs025,2,21.299999999999997,,10.2,23.0
temuco,2026-07-18,ecmwf_ifs025,3,13.2,,10.2,23.0
temuco,2026-07-18,ecmwf_ifs025,4,2.1,,10.2,23.0
temuco,2026-07-18,ecmwf_ifs025,5,0.8999999999999999,,10.2,23.0
temuco,2026-07-18,ecmwf_ifs025,6,0.0,,10.2,23.0
temuco,2026-07-18,ecmwf_ifs025,7,12.0,,10.2,23.0
temuco,2026-07-18,gfs_seamless,1,13.9,21.6,10.2,23.0
temuco,2026-07-18,gfs_seamless,2,23.700000000000003,75.2,10.2,23.0
temuco,2026-07-18,gfs_seamless,3,13.7,30.6,10.2,23.0
temuco,2026-07-18,gfs_seamless,4,19.0,21.6,10.2,23.0
temuco,2026-07-18,gfs_seamless,5,3.9,37.4,10.2,23.0
temuco,2026-07-18,gfs_seamless,6,6.7,50.0,10.2,23.0
temuco,2026-07-18,gfs_seamless,7,1.4,60.5,10.2,23.0
temuco,2026-07-18,icon_seamless,1,3.7,15.8,10.2,23.0
temuco,2026-07-18,icon_seamless,2,3.1000000000000005,7.2,10.2,23.0
temuco,2026-07-18,icon_seamless,3,11.8,14.8,10.2,23.0
temuco,2026-07-18,icon_seamless,4,9.1,23.0,10.2,23.0
temuco,2026-07-18,icon_seamless,5,3.6,24.8,10.2,23.0
temuco,2026-07-18,icon_seamless,6,0.2,26.6,10.2,23.0
valdivia,2026-07-05,best_match,1,0.0,9.7,0.0,12.6
valdivia,2026-07-05,best_match,2,0.0,10.8,0.0,12.6
valdivia,2026-07-05,best_match,3,0.0,10.1,0.0,12.6
valdivia,2026-07-05,best_match,4,0.0,12.2,0.0,12.6
valdivia,2026-07-05,best_match,5,0.0,18.4,0.0,12.6
valdivia,2026-07-05,best_match,6,0.0,16.2,0.0,12.6
valdivia,2026-07-05,best_match,7,0.0,9.4,0.0,12.6
valdivia,2026-07-05,ecmwf_ifs025,1,0.0,,0.0,12.6
valdivia,2026-07-05,ecmwf_ifs025,2,0.0,,0.0,12.6
valdivia,2026-07-05,ecmwf_ifs025,3,0.0,,0.0,12.6
valdivia,2026-07-05,ecmwf_ifs025,4,0.0,,0.0,12.6
valdivia,2026-07-05,ecmwf_ifs025,5,0.0,,0.0,12.6
valdivia,2026-07-05,ecmwf_ifs025,6,0.0,,0.0,12.6
valdivia,2026-07-05,ecmwf_ifs025,7,0.0,,0.0,12.6
valdivia,2026-07-05,gfs_seamless,1,0.0,5.8,0.0,12.6
valdivia,2026-07-05,gfs_seamless,2,0.0,6.1,0.0,12.6
valdivia,2026-07-05,gfs_seamless,3,0.0,4.3,0.0,12.6
valdivia,2026-07-05,gfs_seamless,4,0.0,4.7,0.0,12.6
valdivia,2026-07-05,gfs_seamless,5,0.0,4.3,0.0,12.6
valdivia,2026-07-05,gfs_seamless,6,0.0,11.5,0.0,12.6
valdivia,2026-07-05,gfs_seamless,7,0.0,9.4,0.0,12.6
valdivia,2026-07-05,icon_seamless,1,0.0,9.7,0.0,12.6
valdivia,2026-07-05,icon_seamless,2,0.0,10.8,0.0,12.6
valdivia,2026-07-05,icon_seamless,3,0.0,10.1,0.0,12.6
valdivia,2026-07-05,icon_seamless,4,0.0,12.2,0.0,12.6
valdivia,2026-07-05,icon_seamless,5,0.0,18.4,0.0,12.6
valdivia,2026-07-05,icon_seamless,6,0.0,16.2,0.0,12.6
valdivia,2026-07-06,best_match,1,2.0,19.1,4.3,21.2
valdivia,2026-07-06,best_match,2,0.2,26.3,4.3,21.2
valdivia,2026-07-06,best_match,3,0.0,25.6,4.3,21.2
valdivia,2026-07-06,best_match,4,1.7999999999999998,16.6,4.3,21.2
valdivia,2026-07-06,best_match,5,4.3,40.7,4.3,21.2
valdivia,2026-07-06,best_match,6,4.800000000000001,20.5,4.3,21.2
valdivia,2026-07-06,best_match,7,0.0,12.2,4.3,21.2
valdivia,2026-07-06,ecmwf_ifs025,1,1.5,,4.3,21.2
valdivia,2026-07-06,ecmwf_ifs025,2,0.30000000000000004,,4.3,21.2
valdivia,2026-07-06,ecmwf_ifs025,3,0.0,,4.3,21.2
valdivia,2026-07-06,ecmwf_ifs025,4,1.7999999999999998,,4.3,21.2
valdivia,2026-07-06,ecmwf_ifs025,5,4.5,,4.3,21.2
valdivia,2026-07-06,ecmwf_ifs025,6,5.1,,4.3,21.2
valdivia,2026-07-06,ecmwf_ifs025,7,0.0,,4.3,21.2
valdivia,2026-07-06,gfs_seamless,1,0.8,6.5,4.3,21.2
valdivia,2026-07-06,gfs_seamless,2,0.8999999999999999,9.0,4.3,21.2
valdivia,2026-07-06,gfs_seamless,3,1.2000000000000002,13.0,4.3,21.2
valdivia,2026-07-06,gfs_seamless,4,0.0,7.2,4.3,21.2
valdivia,2026-07-06,gfs_seamless,5,0.0,7.2,4.3,21.2
valdivia,2026-07-06,gfs_seamless,6,0.0,11.9,4.3,21.2
valdivia,2026-07-06,gfs_seamless,7,0.0,12.2,4.3,21.2
valdivia,2026-07-06,icon_seamless,1,2.9,19.1,4.3,21.2
valdivia,2026-07-06,icon_seamless,2,3.6999999999999997,26.3,4.3,21.2
valdivia,2026-07-06,icon_seamless,3,0.9,25.6,4.3,21.2
valdivia,2026-07-06,icon_seamless,4,0.0,16.6,4.3,21.2
valdivia,2026-07-06,icon_seamless,5,7.800000000000001,40.7,4.3,21.2
valdivia,2026-07-06,icon_seamless,6,1.5,20.5,4.3,21.2
valdivia,2026-07-07,best_match,1,90.5,29.9,127.0,48.6
valdivia,2026-07-07,best_match,2,119.4,34.2,127.0,48.6
valdivia,2026-07-07,best_match,3,96.29999999999998,28.4,127.0,48.6
valdivia,2026-07-07,best_match,4,61.9,26.3,127.0,48.6
valdivia,2026-07-07,best_match,5,91.80000000000001,41.8,127.0,48.6
valdivia,2026-07-07,best_match,6,36.7,31.0,127.0,48.6
valdivia,2026-07-07,best_match,7,38.3,54.0,127.0,48.6
valdivia,2026-07-07,ecmwf_ifs025,1,97.80000000000001,,127.0,48.6
valdivia,2026-07-07,ecmwf_ifs025,2,112.19999999999999,,127.0,48.6
valdivia,2026-07-07,ecmwf_ifs025,3,124.2,,127.0,48.6
valdivia,2026-07-07,ecmwf_ifs025,4,70.19999999999999,,127.0,48.6
valdivia,2026-07-07,ecmwf_ifs025,5,83.69999999999999,,127.0,48.6
valdivia,2026-07-07,ecmwf_ifs025,6,38.1,,127.0,48.6
valdivia,2026-07-07,ecmwf_ifs025,7,40.5,,127.0,48.6
valdivia,2026-07-07,gfs_seamless,1,100.6,53.6,127.0,48.6
valdivia,2026-07-07,gfs_seamless,2,109.19999999999999,52.9,127.0,48.6
valdivia,2026-07-07,gfs_seamless,3,86.19999999999999,62.3,127.0,48.6
valdivia,2026-07-07,gfs_seamless,4,82.2,64.8,127.0,48.6
valdivia,2026-07-07,gfs_seamless,5,27.1,84.2,127.0,48.6
valdivia,2026-07-07,gfs_seamless,6,17.400000000000002,63.4,127.0,48.6
valdivia,2026-07-07,gfs_seamless,7,6.3999999999999995,54.0,127.0,48.6
valdivia,2026-07-07,icon_seamless,1,165.3,29.9,127.0,48.6
valdivia,2026-07-07,icon_seamless,2,112.5,34.2,127.0,48.6
valdivia,2026-07-07,icon_seamless,3,61.7,28.4,127.0,48.6
valdivia,2026-07-07,icon_seamless,4,40.10000000000001,26.3,127.0,48.6
valdivia,2026-07-07,icon_seamless,5,119.0,41.8,127.0,48.6
valdivia,2026-07-07,icon_seamless,6,105.0,31.0,127.0,48.6
valdivia,2026-07-08,best_match,1,48.60000000000001,77.8,37.6,63.7
valdivia,2026-07-08,best_match,2,22.400000000000002,22.3,37.6,63.7
valdivia,2026-07-08,best_match,3,36.6,29.5,37.6,63.7
valdivia,2026-07-08,best_match,4,56.5,38.5,37.6,63.7
valdivia,2026-07-08,best_match,5,67.1,69.1,37.6,63.7
valdivia,2026-07-08,best_match,6,30.2,52.9,37.6,63.7
valdivia,2026-07-08,best_match,7,30.700000000000003,67.7,37.6,63.7
valdivia,2026-07-08,ecmwf_ifs025,1,54.3,,37.6,63.7
valdivia,2026-07-08,ecmwf_ifs025,2,27.299999999999997,,37.6,63.7
valdivia,2026-07-08,ecmwf_ifs025,3,40.5,,37.6,63.7
valdivia,2026-07-08,ecmwf_ifs025,4,58.8,,37.6,63.7
valdivia,2026-07-08,ecmwf_ifs025,5,63.0,,37.6,63.7
valdivia,2026-07-08,ecmwf_ifs025,6,45.0,,37.6,63.7
valdivia,2026-07-08,ecmwf_ifs025,7,22.200000000000003,,37.6,63.7
valdivia,2026-07-08,gfs_seamless,1,62.3,64.1,37.6,63.7
valdivia,2026-07-08,gfs_seamless,2,43.49999999999999,66.6,37.6,63.7
valdivia,2026-07-08,gfs_seamless,3,32.7,64.4,37.6,63.7
valdivia,2026-07-08,gfs_seamless,4,0.7,27.7,37.6,63.7
valdivia,2026-07-08,gfs_seamless,5,3.0999999999999996,66.2,37.6,63.7
valdivia,2026-07-08,gfs_seamless,6,8.2,68.4,37.6,63.7
valdivia,2026-07-08,gfs_seamless,7,28.0,67.7,37.6,63.7
valdivia,2026-07-08,icon_seamless,1,84.3,77.8,37.6,63.7
valdivia,2026-07-08,icon_seamless,2,32.2,22.3,37.6,63.7
valdivia,2026-07-08,icon_seamless,3,31.9,29.5,37.6,63.7
valdivia,2026-07-08,icon_seamless,4,56.099999999999994,38.5,37.6,63.7
valdivia,2026-07-08,icon_seamless,5,71.5,69.1,37.6,63.7
valdivia,2026-07-08,icon_seamless,6,8.5,52.9,37.6,63.7
valdivia,2026-07-09,best_match,1,0.0,40.3,0.3,22.3
valdivia,2026-07-09,best_match,2,0.5,19.4,0.3,22.3
valdivia,2026-07-09,best_match,3,5.1000000000000005,10.4,0.3,22.3
valdivia,2026-07-09,best_match,4,14.3,28.4,0.3,22.3
valdivia,2026-07-09,best_match,5,6.5,55.1,0.3,22.3
valdivia,2026-07-09,best_match,6,17.5,25.9,0.3,22.3
valdivia,2026-07-09,best_match,7,10.0,45.4,0.3,22.3
valdivia,2026-07-09,ecmwf_ifs025,1,0.0,,0.3,22.3
valdivia,2026-07-09,ecmwf_ifs025,2,0.9,,0.3,22.3
valdivia,2026-07-09,ecmwf_ifs025,3,3.3000000000000003,,0.3,22.3
valdivia,2026-07-09,ecmwf_ifs025,4,16.8,,0.3,22.3
valdivia,2026-07-09,ecmwf_ifs025,5,9.3,,0.3,22.3
valdivia,2026-07-09,ecmwf_ifs025,6,21.9,,0.3,22.3
valdivia,2026-07-09,ecmwf_ifs025,7,13.8,,0.3,22.3
valdivia,2026-07-09,gfs_seamless,1,1.3,32.0,0.3,22.3
valdivia,2026-07-09,gfs_seamless,2,0.1,30.2,0.3,22.3
valdivia,2026-07-09,gfs_seamless,3,7.199999999999999,34.2,0.3,22.3
valdivia,2026-07-09,gfs_seamless,4,9.5,25.6,0.3,22.3
valdivia,2026-07-09,gfs_seamless,5,0.0,6.8,0.3,22.3
valdivia,2026-07-09,gfs_seamless,6,0.0,9.0,0.3,22.3
valdivia,2026-07-09,gfs_seamless,7,9.6,45.4,0.3,22.3
valdivia,2026-07-09,icon_seamless,1,0.0,40.3,0.3,22.3
valdivia,2026-07-09,icon_seamless,2,4.0,19.4,0.3,22.3
valdivia,2026-07-09,icon_seamless,3,4.3,10.4,0.3,22.3
valdivia,2026-07-09,icon_seamless,4,1.9,28.4,0.3,22.3
valdivia,2026-07-09,icon_seamless,5,9.100000000000001,55.1,0.3,22.3
valdivia,2026-07-09,icon_seamless,6,5.800000000000001,25.9,0.3,22.3
valdivia,2026-07-10,best_match,1,4.9,18.0,3.6,21.2
valdivia,2026-07-10,best_match,2,10.3,62.3,3.6,21.2
valdivia,2026-07-10,best_match,3,8.4,32.4,3.6,21.2
valdivia,2026-07-10,best_match,4,0.8999999999999999,18.4,3.6,21.2
valdivia,2026-07-10,best_match,5,6.0,40.7,3.6,21.2
valdivia,2026-07-10,best_match,6,18.6,24.1,3.6,21.2
valdivia,2026-07-10,best_match,7,2.0,45.4,3.6,21.2
valdivia,2026-07-10,ecmwf_ifs025,1,5.1,,3.6,21.2
valdivia,2026-07-10,ecmwf_ifs025,2,9.3,,3.6,21.2
valdivia,2026-07-10,ecmwf_ifs025,3,11.700000000000001,,3.6,21.2
valdivia,2026-07-10,ecmwf_ifs025,4,1.2000000000000002,,3.6,21.2
valdivia,2026-07-10,ecmwf_ifs025,5,6.300000000000001,,3.6,21.2
valdivia,2026-07-10,ecmwf_ifs025,6,19.200000000000003,,3.6,21.2
valdivia,2026-07-10,ecmwf_ifs025,7,3.3,,3.6,21.2
valdivia,2026-07-10,gfs_seamless,1,0.4,8.6,3.6,21.2
valdivia,2026-07-10,gfs_seamless,2,15.8,38.9,3.6,21.2
valdivia,2026-07-10,gfs_seamless,3,33.3,46.8,3.6,21.2
valdivia,2026-07-10,gfs_seamless,4,19.300000000000004,42.5,3.6,21.2
valdivia,2026-07-10,gfs_seamless,5,1.9000000000000001,38.2,3.6,21.2
valdivia,2026-07-10,gfs_seamless,6,4.8,30.6,3.6,21.2
valdivia,2026-07-10,gfs_seamless,7,9.2,45.4,3.6,21.2
valdivia,2026-07-10,icon_seamless,1,1.5,18.0,3.6,21.2
valdivia,2026-07-10,icon_seamless,2,17.4,62.3,3.6,21.2
valdivia,2026-07-10,icon_seamless,3,3.6,32.4,3.6,21.2
valdivia,2026-07-10,icon_seamless,4,2.6999999999999997,18.4,3.6,21.2
valdivia,2026-07-10,icon_seamless,5,0.7,40.7,3.6,21.2
valdivia,2026-07-10,icon_seamless,6,4.9,24.1,3.6,21.2
valdivia,2026-07-11,best_match,1,0.0,13.3,0.0,15.5
valdivia,2026-07-11,best_match,2,0.0,11.5,0.0,15.5
valdivia,2026-07-11,best_match,3,0.0,23.0,0.0,15.5
valdivia,2026-07-11,best_match,4,0.0,15.8,0.0,15.5
valdivia,2026-07-11,best_match,5,1.2,14.0,0.0,15.5
valdivia,2026-07-11,best_match,6,25.1,46.4,0.0,15.5
valdivia,2026-07-11,best_match,7,1.6999999999999997,42.5,0.0,15.5
valdivia,2026-07-11,ecmwf_ifs025,1,0.0,,0.0,15.5
valdivia,2026-07-11,ecmwf_ifs025,2,0.0,,0.0,15.5
valdivia,2026-07-11,ecmwf_ifs025,3,0.0,,0.0,15.5
valdivia,2026-07-11,ecmwf_ifs025,4,0.0,,0.0,15.5
valdivia,2026-07-11,ecmwf_ifs025,5,1.5,,0.0,15.5
valdivia,2026-07-11,ecmwf_ifs025,6,18.900000000000002,,0.0,15.5
valdivia,2026-07-11,ecmwf_ifs025,7,3.3,,0.0,15.5
valdivia,2026-07-11,gfs_seamless,1,0.0,7.9,0.0,15.5
valdivia,2026-07-11,gfs_seamless,2,0.0,7.2,0.0,15.5
valdivia,2026-07-11,gfs_seamless,3,0.7000000000000001,41.0,0.0,15.5
valdivia,2026-07-11,gfs_seamless,4,0.1,20.5,0.0,15.5
valdivia,2026-07-11,gfs_seamless,5,0.0,27.0,0.0,15.5
valdivia,2026-07-11,gfs_seamless,6,1.4000000000000001,25.2,0.0,15.5
valdivia,2026-07-11,gfs_seamless,7,2.0,42.5,0.0,15.5
valdivia,2026-07-11,icon_seamless,1,1.2,13.3,0.0,15.5
valdivia,2026-07-11,icon_seamless,2,0.8999999999999999,11.5,0.0,15.5
valdivia,2026-07-11,icon_seamless,3,0.0,23.0,0.0,15.5
valdivia,2026-07-11,icon_seamless,4,0.0,15.8,0.0,15.5
valdivia,2026-07-11,icon_seamless,5,2.1,14.0,0.0,15.5
valdivia,2026-07-11,icon_seamless,6,21.2,46.4,0.0,15.5
valdivia,2026-07-12,best_match,1,0.1,36.4,0.6,25.9
valdivia,2026-07-12,best_match,2,0.0,19.1,0.6,25.9
valdivia,2026-07-12,best_match,3,0.0,34.6,0.6,25.9
valdivia,2026-07-12,best_match,4,0.0,33.5,0.6,25.9
valdivia,2026-07-12,best_match,5,1.7000000000000002,76.3,0.6,25.9
valdivia,2026-07-12,best_match,6,15.5,61.6,0.6,25.9
valdivia,2026-07-12,best_match,7,1.5,7.9,0.6,25.9
valdivia,2026-07-12,ecmwf_ifs025,1,0.6000000000000001,,0.6,25.9
valdivia,2026-07-12,ecmwf_ifs025,2,0.0,,0.6,25.9
valdivia,2026-07-12,ecmwf_ifs025,3,0.0,,0.6,25.9
valdivia,2026-07-12,ecmwf_ifs025,4,0.0,,0.6,25.9
valdivia,2026-07-12,ecmwf_ifs025,5,0.9,,0.6,25.9
valdivia,2026-07-12,ecmwf_ifs025,6,33.0,,0.6,25.9
valdivia,2026-07-12,ecmwf_ifs025,7,3.0,,0.6,25.9
valdivia,2026-07-12,gfs_seamless,1,0.0,10.8,0.6,25.9
valdivia,2026-07-12,gfs_seamless,2,0.0,10.1,0.6,25.9
valdivia,2026-07-12,gfs_seamless,3,0.1,8.6,0.6,25.9
valdivia,2026-07-12,gfs_seamless,4,0.0,7.6,0.6,25.9
valdivia,2026-07-12,gfs_seamless,5,0.0,6.8,0.6,25.9
valdivia,2026-07-12,gfs_seamless,6,0.0,6.8,0.6,25.9
valdivia,2026-07-12,gfs_seamless,7,0.0,7.9,0.6,25.9
valdivia,2026-07-12,icon_seamless,1,0.1,36.4,0.6,25.9
valdivia,2026-07-12,icon_seamless,2,0.0,19.1,0.6,25.9
valdivia,2026-07-12,icon_seamless,3,3.2,34.6,0.6,25.9
valdivia,2026-07-12,icon_seamless,4,0.6,33.5,0.6,25.9
valdivia,2026-07-12,icon_seamless,5,26.8,76.3,0.6,25.9
valdivia,2026-07-12,icon_seamless,6,15.0,61.6,0.6,25.9
valdivia,2026-07-13,best_match,1,21.5,49.0,19.7,42.5
valdivia,2026-07-13,best_match,2,18.1,47.9,19.7,42.5
valdivia,2026-07-13,best_match,3,26.499999999999996,59.0,19.7,42.5
valdivia,2026-07-13,best_match,4,20.1,79.2,19.7,42.5
valdivia,2026-07-13,best_match,5,34.3,80.6,19.7,42.5
valdivia,2026-07-13,best_match,6,19.4,56.5,19.7,42.5
valdivia,2026-07-13,best_match,7,5.300000000000001,54.4,19.7,42.5
valdivia,2026-07-13,ecmwf_ifs025,1,24.9,,19.7,42.5
valdivia,2026-07-13,ecmwf_ifs025,2,19.8,,19.7,42.5
valdivia,2026-07-13,ecmwf_ifs025,3,25.5,,19.7,42.5
valdivia,2026-07-13,ecmwf_ifs025,4,21.299999999999997,,19.7,42.5
valdivia,2026-07-13,ecmwf_ifs025,5,30.9,,19.7,42.5
valdivia,2026-07-13,ecmwf_ifs025,6,20.099999999999998,,19.7,42.5
valdivia,2026-07-13,ecmwf_ifs025,7,4.8,,19.7,42.5
valdivia,2026-07-13,gfs_seamless,1,9.899999999999999,48.2,19.7,42.5
valdivia,2026-07-13,gfs_seamless,2,11.899999999999999,47.2,19.7,42.5
valdivia,2026-07-13,gfs_seamless,3,13.399999999999999,46.4,19.7,42.5
valdivia,2026-07-13,gfs_seamless,4,7.8,43.9,19.7,42.5
valdivia,2026-07-13,gfs_seamless,5,12.200000000000001,43.2,19.7,42.5
valdivia,2026-07-13,gfs_seamless,6,6.0,38.5,19.7,42.5
valdivia,2026-07-13,gfs_seamless,7,14.6,54.4,19.7,42.5
valdivia,2026-07-13,icon_seamless,1,11.0,49.0,19.7,42.5
valdivia,2026-07-13,icon_seamless,2,19.099999999999998,47.9,19.7,42.5
valdivia,2026-07-13,icon_seamless,3,34.6,59.0,19.7,42.5
valdivia,2026-07-13,icon_seamless,4,25.8,79.2,19.7,42.5
valdivia,2026-07-13,icon_seamless,5,18.3,80.6,19.7,42.5
valdivia,2026-07-13,icon_seamless,6,16.0,56.5,19.7,42.5
valdivia,2026-07-14,best_match,1,27.8,49.7,22.4,48.2
valdivia,2026-07-14,best_match,2,33.7,64.8,22.4,48.2
valdivia,2026-07-14,best_match,3,33.2,18.0,22.4,48.2
valdivia,2026-07-14,best_match,4,32.8,50.0,22.4,48.2
valdivia,2026-07-14,best_match,5,12.2,69.8,22.4,48.2
valdivia,2026-07-14,best_match,6,16.0,54.0,22.4,48.2
valdivia,2026-07-14,best_match,7,0.6,55.4,22.4,48.2
valdivia,2026-07-14,ecmwf_ifs025,1,27.0,,22.4,48.2
valdivia,2026-07-14,ecmwf_ifs025,2,35.1,,22.4,48.2
valdivia,2026-07-14,ecmwf_ifs025,3,30.0,,22.4,48.2
valdivia,2026-07-14,ecmwf_ifs025,4,32.4,,22.4,48.2
valdivia,2026-07-14,ecmwf_ifs025,5,12.9,,22.4,48.2
valdivia,2026-07-14,ecmwf_ifs025,6,14.700000000000001,,22.4,48.2
valdivia,2026-07-14,ecmwf_ifs025,7,3.9,,22.4,48.2
valdivia,2026-07-14,gfs_seamless,1,36.2,55.1,22.4,48.2
valdivia,2026-07-14,gfs_seamless,2,26.4,53.6,22.4,48.2
valdivia,2026-07-14,gfs_seamless,3,9.1,31.3,22.4,48.2
valdivia,2026-07-14,gfs_seamless,4,4.6,34.9,22.4,48.2
valdivia,2026-07-14,gfs_seamless,5,6.8,45.0,22.4,48.2
valdivia,2026-07-14,gfs_seamless,6,1.1,35.6,22.4,48.2
valdivia,2026-07-14,gfs_seamless,7,10.900000000000002,55.4,22.4,48.2
valdivia,2026-07-14,icon_seamless,1,55.6,49.7,22.4,48.2
valdivia,2026-07-14,icon_seamless,2,47.8,64.8,22.4,48.2
valdivia,2026-07-14,icon_seamless,3,15.1,18.0,22.4,48.2
valdivia,2026-07-14,icon_seamless,4,11.0,50.0,22.4,48.2
valdivia,2026-07-14,icon_seamless,5,16.3,69.8,22.4,48.2
valdivia,2026-07-14,icon_seamless,6,8.6,54.0,22.4,48.2
valdivia,2026-07-15,best_match,1,14.400000000000002,52.2,17.6,34.6
valdivia,2026-07-15,best_match,2,24.4,68.4,17.6,34.6
valdivia,2026-07-15,best_match,3,38.1,58.0,17.6,34.6
valdivia,2026-07-15,best_match,4,48.900000000000006,57.6,17.6,34.6
valdivia,2026-07-15,best_match,5,37.599999999999994,27.0,17.6,34.6
valdivia,2026-07-15,best_match,6,17.8,46.1,17.6,34.6
valdivia,2026-07-15,best_match,7,2.9000000000000004,20.5,17.6,34.6
valdivia,2026-07-15,ecmwf_ifs025,1,15.000000000000002,,17.6,34.6
valdivia,2026-07-15,ecmwf_ifs025,2,23.7,,17.6,34.6
valdivia,2026-07-15,ecmwf_ifs025,3,36.6,,17.6,34.6
valdivia,2026-07-15,ecmwf_ifs025,4,39.3,,17.6,34.6
valdivia,2026-07-15,ecmwf_ifs025,5,39.3,,17.6,34.6
valdivia,2026-07-15,ecmwf_ifs025,6,23.4,,17.6,34.6
valdivia,2026-07-15,ecmwf_ifs025,7,3.3000000000000003,,17.6,34.6
valdivia,2026-07-15,gfs_seamless,1,22.5,37.1,17.6,34.6
valdivia,2026-07-15,gfs_seamless,2,19.6,37.4,17.6,34.6
valdivia,2026-07-15,gfs_seamless,3,15.1,39.6,17.6,34.6
valdivia,2026-07-15,gfs_seamless,4,13.899999999999999,47.2,17.6,34.6
valdivia,2026-07-15,gfs_seamless,5,9.399999999999999,47.9,17.6,34.6
valdivia,2026-07-15,gfs_seamless,6,2.3,39.2,17.6,34.6
valdivia,2026-07-15,gfs_seamless,7,6.0,20.5,17.6,34.6
valdivia,2026-07-15,icon_seamless,1,24.2,52.2,17.6,34.6
valdivia,2026-07-15,icon_seamless,2,32.199999999999996,68.4,17.6,34.6
valdivia,2026-07-15,icon_seamless,3,24.6,58.0,17.6,34.6
valdivia,2026-07-15,icon_seamless,4,9.4,57.6,17.6,34.6
valdivia,2026-07-15,icon_seamless,5,0.30000000000000004,27.0,17.6,34.6
valdivia,2026-07-15,icon_seamless,6,3.9000000000000004,46.1,17.6,34.6
valdivia,2026-07-16,best_match,1,34.8,88.2,34.8,78.5
valdivia,2026-07-16,best_match,2,50.599999999999994,77.0,34.8,78.5
valdivia,2026-07-16,best_match,3,53.599999999999994,63.0,34.8,78.5
valdivia,2026-07-16,best_match,4,18.099999999999998,60.1,34.8,78.5
valdivia,2026-07-16,best_match,5,10.5,28.1,34.8,78.5
valdivia,2026-07-16,best_match,6,2.6,38.5,34.8,78.5
valdivia,2026-07-16,best_match,7,30.6,85.7,34.8,78.5
valdivia,2026-07-16,ecmwf_ifs025,1,35.4,,34.8,78.5
valdivia,2026-07-16,ecmwf_ifs025,2,47.1,,34.8,78.5
valdivia,2026-07-16,ecmwf_ifs025,3,66.3,,34.8,78.5
valdivia,2026-07-16,ecmwf_ifs025,4,17.099999999999998,,34.8,78.5
valdivia,2026-07-16,ecmwf_ifs025,5,11.7,,34.8,78.5
valdivia,2026-07-16,ecmwf_ifs025,6,3.9,,34.8,78.5
valdivia,2026-07-16,ecmwf_ifs025,7,42.900000000000006,,34.8,78.5
valdivia,2026-07-16,gfs_seamless,1,45.4,71.6,34.8,78.5
valdivia,2026-07-16,gfs_seamless,2,40.199999999999996,69.8,34.8,78.5
valdivia,2026-07-16,gfs_seamless,3,20.5,73.1,34.8,78.5
valdivia,2026-07-16,gfs_seamless,4,24.200000000000003,74.2,34.8,78.5
valdivia,2026-07-16,gfs_seamless,5,6.4,69.8,34.8,78.5
valdivia,2026-07-16,gfs_seamless,6,15.600000000000001,76.3,34.8,78.5
valdivia,2026-07-16,gfs_seamless,7,17.299999999999997,85.7,34.8,78.5
valdivia,2026-07-16,icon_seamless,1,60.599999999999994,88.2,34.8,78.5
valdivia,2026-07-16,icon_seamless,2,48.800000000000004,77.0,34.8,78.5
valdivia,2026-07-16,icon_seamless,3,50.8,63.0,34.8,78.5
valdivia,2026-07-16,icon_seamless,4,13.6,60.1,34.8,78.5
valdivia,2026-07-16,icon_seamless,5,18.099999999999998,28.1,34.8,78.5
valdivia,2026-07-16,icon_seamless,6,53.2,38.5,34.8,78.5
valdivia,2026-07-17,best_match,1,0.8,32.8,2.1,17.6
valdivia,2026-07-17,best_match,2,1.9000000000000001,34.2,2.1,17.6
valdivia,2026-07-17,best_match,3,3.5,65.2,2.1,17.6
valdivia,2026-07-17,best_match,4,5.8,99.0,2.1,17.6
valdivia,2026-07-17,best_match,5,14.8,24.8,2.1,17.6
valdivia,2026-07-17,best_match,6,19.9,72.0,2.1,17.6
valdivia,2026-07-17,best_match,7,0.0,72.0,2.1,17.6
valdivia,2026-07-17,ecmwf_ifs025,1,1.2000000000000002,,2.1,17.6
valdivia,2026-07-17,ecmwf_ifs025,2,0.9000000000000001,,2.1,17.6
valdivia,2026-07-17,ecmwf_ifs025,3,2.7,,2.1,17.6
valdivia,2026-07-17,ecmwf_ifs025,4,6.0,,2.1,17.6
valdivia,2026-07-17,ecmwf_ifs025,5,13.799999999999999,,2.1,17.6
valdivia,2026-07-17,ecmwf_ifs025,6,14.400000000000002,,2.1,17.6
valdivia,2026-07-17,ecmwf_ifs025,7,0.0,,2.1,17.6
valdivia,2026-07-17,gfs_seamless,1,0.30000000000000004,7.2,2.1,17.6
valdivia,2026-07-17,gfs_seamless,2,2.0,12.2,2.1,17.6
valdivia,2026-07-17,gfs_seamless,3,2.8,50.0,2.1,17.6
valdivia,2026-07-17,gfs_seamless,4,5.6,42.8,2.1,17.6
valdivia,2026-07-17,gfs_seamless,5,6.2,67.3,2.1,17.6
valdivia,2026-07-17,gfs_seamless,6,12.299999999999999,68.8,2.1,17.6
valdivia,2026-07-17,gfs_seamless,7,18.5,72.0,2.1,17.6
valdivia,2026-07-17,icon_seamless,1,1.5,32.8,2.1,17.6
valdivia,2026-07-17,icon_seamless,2,1.5,34.2,2.1,17.6
valdivia,2026-07-17,icon_seamless,3,9.600000000000001,65.2,2.1,17.6
valdivia,2026-07-17,icon_seamless,4,6.699999999999999,99.0,2.1,17.6
valdivia,2026-07-17,icon_seamless,5,27.999999999999996,24.8,2.1,17.6
valdivia,2026-07-17,icon_seamless,6,49.900000000000006,72.0,2.1,17.6
valdivia,2026-07-18,best_match,1,1.0,29.5,0.3,26.3
valdivia,2026-07-18,best_match,2,1.5,32.8,0.3,26.3
valdivia,2026-07-18,best_match,3,7.6,18.0,0.3,26.3
valdivia,2026-07-18,best_match,4,2.3000000000000003,23.8,0.3,26.3
valdivia,2026-07-18,best_match,5,0.0,20.9,0.3,26.3
valdivia,2026-07-18,best_match,6,0.0,59.0,0.3,26.3
valdivia,2026-07-18,best_match,7,1.8,64.1,0.3,26.3
valdivia,2026-07-18,ecmwf_ifs025,1,1.2000000000000002,,0.3,26.3
valdivia,2026-07-18,ecmwf_ifs025,2,0.9000000000000001,,0.3,26.3
valdivia,2026-07-18,ecmwf_ifs025,3,3.0,,0.3,26.3
valdivia,2026-07-18,ecmwf_ifs025,4,3.6,,0.3,26.3
valdivia,2026-07-18,ecmwf_ifs025,5,0.0,,0.3,26.3
valdivia,2026-07-18,ecmwf_ifs025,6,0.0,,0.3,26.3
valdivia,2026-07-18,ecmwf_ifs025,7,3.3,,0.3,26.3
valdivia,2026-07-18,gfs_seamless,1,0.0,14.8,0.3,26.3
valdivia,2026-07-18,gfs_seamless,2,24.2,37.8,0.3,26.3
valdivia,2026-07-18,gfs_seamless,3,12.000000000000002,11.5,0.3,26.3
valdivia,2026-07-18,gfs_seamless,4,1.7000000000000002,5.0,0.3,26.3
valdivia,2026-07-18,gfs_seamless,5,1.3,28.8,0.3,26.3
valdivia,2026-07-18,gfs_seamless,6,0.6,58.0,0.3,26.3
valdivia,2026-07-18,gfs_seamless,7,4.9,64.1,0.3,26.3
valdivia,2026-07-18,icon_seamless,1,0.0,29.5,0.3,26.3
valdivia,2026-07-18,icon_seamless,2,0.0,32.8,0.3,26.3
valdivia,2026-07-18,icon_seamless,3,0.30000000000000004,18.0,0.3,26.3
valdivia,2026-07-18,icon_seamless,4,0.0,23.8,0.3,26.3
valdivia,2026-07-18,icon_seamless,5,1.2,20.9,0.3,26.3
valdivia,2026-07-18,icon_seamless,6,2.0,59.0,0.3,26.3
valparaiso,2026-07-04,best_match,1,24.2,38.2,14.7,43.6
valparaiso,2026-07-04,best_match,2,50.3,47.2,14.7,43.6
valparaiso,2026-07-04,best_match,3,51.2,45.4,14.7,43.6
valparaiso,2026-07-04,best_match,4,28.9,43.6,14.7,43.6
valparaiso,2026-07-04,best_match,5,1.7000000000000002,47.2,14.7,43.6
valparaiso,2026-07-04,best_match,6,12.0,42.1,14.7,43.6
valparaiso,2026-07-04,best_match,7,7.000000000000002,31.7,14.7,43.6
valparaiso,2026-07-04,ecmwf_ifs025,1,20.4,,14.7,43.6
valparaiso,2026-07-04,ecmwf_ifs025,2,21.9,,14.7,43.6
valparaiso,2026-07-04,ecmwf_ifs025,3,28.200000000000003,,14.7,43.6
valparaiso,2026-07-04,ecmwf_ifs025,4,18.0,,14.7,43.6
valparaiso,2026-07-04,ecmwf_ifs025,5,0.0,,14.7,43.6
valparaiso,2026-07-04,ecmwf_ifs025,6,3.0,,14.7,43.6
valparaiso,2026-07-04,ecmwf_ifs025,7,4.199999999999999,,14.7,43.6
valparaiso,2026-07-04,gfs_seamless,1,13.900000000000002,31.0,14.7,43.6
valparaiso,2026-07-04,gfs_seamless,2,10.2,34.2,14.7,43.6
valparaiso,2026-07-04,gfs_seamless,3,17.2,25.2,14.7,43.6
valparaiso,2026-07-04,gfs_seamless,4,11.4,19.4,14.7,43.6
valparaiso,2026-07-04,gfs_seamless,5,3.5,21.6,14.7,43.6
valparaiso,2026-07-04,gfs_seamless,6,0.0,13.0,14.7,43.6
valparaiso,2026-07-04,gfs_seamless,7,1.4,31.7,14.7,43.6
valparaiso,2026-07-04,icon_seamless,1,11.399999999999999,38.2,14.7,43.6
valparaiso,2026-07-04,icon_seamless,2,17.0,47.2,14.7,43.6
valparaiso,2026-07-04,icon_seamless,3,15.3,45.4,14.7,43.6
valparaiso,2026-07-04,icon_seamless,4,11.799999999999999,43.6,14.7,43.6
valparaiso,2026-07-04,icon_seamless,5,4.7,47.2,14.7,43.6
valparaiso,2026-07-04,icon_seamless,6,4.2,42.1,14.7,43.6
valparaiso,2026-07-05,best_match,1,1.3,42.1,0.4,39.6
valparaiso,2026-07-05,best_match,2,13.600000000000001,40.0,0.4,39.6
valparaiso,2026-07-05,best_match,3,11.899999999999999,44.3,0.4,39.6
valparaiso,2026-07-05,best_match,4,0.0,36.0,0.4,39.6
valparaiso,2026-07-05,best_match,5,1.1,34.2,0.4,39.6
valparaiso,2026-07-05,best_match,6,0.0,36.4,0.4,39.6
valparaiso,2026-07-05,best_match,7,0.0,39.2,0.4,39.6
valparaiso,2026-07-05,ecmwf_ifs025,1,0.6000000000000001,,0.4,39.6
valparaiso,2026-07-05,ecmwf_ifs025,2,13.5,,0.4,39.6
valparaiso,2026-07-05,ecmwf_ifs025,3,3.5999999999999996,,0.4,39.6
valparaiso,2026-07-05,ecmwf_ifs025,4,0.0,,0.4,39.6
valparaiso,2026-07-05,ecmwf_ifs025,5,0.30000000000000004,,0.4,39.6
valparaiso,2026-07-05,ecmwf_ifs025,6,0.0,,0.4,39.6
valparaiso,2026-07-05,ecmwf_ifs025,7,0.0,,0.4,39.6
valparaiso,2026-07-05,gfs_seamless,1,0.4,19.4,0.4,39.6
valparaiso,2026-07-05,gfs_seamless,2,0.0,21.6,0.4,39.6
valparaiso,2026-07-05,gfs_seamless,3,0.6,16.9,0.4,39.6
valparaiso,2026-07-05,gfs_seamless,4,0.0,28.8,0.4,39.6
valparaiso,2026-07-05,gfs_seamless,5,0.0,29.2,0.4,39.6
valparaiso,2026-07-05,gfs_seamless,6,0.0,33.5,0.4,39.6
valparaiso,2026-07-05,gfs_seamless,7,0.0,39.2,0.4,39.6
valparaiso,2026-07-05,icon_seamless,1,0.6,42.1,0.4,39.6
valparaiso,2026-07-05,icon_seamless,2,3.4,40.0,0.4,39.6
valparaiso,2026-07-05,icon_seamless,3,2.8,44.3,0.4,39.6
valparaiso,2026-07-05,icon_seamless,4,0.0,36.0,0.4,39.6
valparaiso,2026-07-05,icon_seamless,5,0.0,34.2,0.4,39.6
valparaiso,2026-07-05,icon_seamless,6,0.8999999999999999,36.4,0.4,39.6
valparaiso,2026-07-06,best_match,1,0.0,26.6,0.0,29.9
valparaiso,2026-07-06,best_match,2,0.0,23.4,0.0,29.9
valparaiso,2026-07-06,best_match,3,0.0,25.2,0.0,29.9
valparaiso,2026-07-06,best_match,4,0.0,23.4,0.0,29.9
valparaiso,2026-07-06,best_match,5,0.0,24.5,0.0,29.9
valparaiso,2026-07-06,best_match,6,0.0,23.4,0.0,29.9
valparaiso,2026-07-06,best_match,7,0.0,33.5,0.0,29.9
valparaiso,2026-07-06,ecmwf_ifs025,1,0.0,,0.0,29.9
valparaiso,2026-07-06,ecmwf_ifs025,2,0.0,,0.0,29.9
valparaiso,2026-07-06,ecmwf_ifs025,3,0.0,,0.0,29.9
valparaiso,2026-07-06,ecmwf_ifs025,4,0.0,,0.0,29.9
valparaiso,2026-07-06,ecmwf_ifs025,5,0.0,,0.0,29.9
valparaiso,2026-07-06,ecmwf_ifs025,6,0.0,,0.0,29.9
valparaiso,2026-07-06,ecmwf_ifs025,7,0.0,,0.0,29.9
valparaiso,2026-07-06,gfs_seamless,1,0.0,17.6,0.0,29.9
valparaiso,2026-07-06,gfs_seamless,2,0.0,14.8,0.0,29.9
valparaiso,2026-07-06,gfs_seamless,3,0.0,16.2,0.0,29.9
valparaiso,2026-07-06,gfs_seamless,4,0.0,14.8,0.0,29.9
valparaiso,2026-07-06,gfs_seamless,5,0.0,14.4,0.0,29.9
valparaiso,2026-07-06,gfs_seamless,6,0.0,12.2,0.0,29.9
valparaiso,2026-07-06,gfs_seamless,7,0.0,33.5,0.0,29.9
valparaiso,2026-07-06,icon_seamless,1,0.0,26.6,0.0,29.9
valparaiso,2026-07-06,icon_seamless,2,0.0,23.4,0.0,29.9
valparaiso,2026-07-06,icon_seamless,3,0.0,25.2,0.0,29.9
valparaiso,2026-07-06,icon_seamless,4,0.0,23.4,0.0,29.9
valparaiso,2026-07-06,icon_seamless,5,0.0,24.5,0.0,29.9
valparaiso,2026-07-06,icon_seamless,6,0.0,23.4,0.0,29.9
valparaiso,2026-07-07,best_match,1,0.0,36.7,0.0,36.4
valparaiso,2026-07-07,best_match,2,0.0,36.0,0.0,36.4
valparaiso,2026-07-07,best_match,3,0.0,34.6,0.0,36.4
valparaiso,2026-07-07,best_match,4,0.0,30.2,0.0,36.4
valparaiso,2026-07-07,best_match,5,0.0,27.0,0.0,36.4
valparaiso,2026-07-07,best_match,6,0.0,24.1,0.0,36.4
valparaiso,2026-07-07,best_match,7,0.0,9.7,0.0,36.4
valparaiso,2026-07-07,ecmwf_ifs025,1,0.0,,0.0,36.4
valparaiso,2026-07-07,ecmwf_ifs025,2,0.0,,0.0,36.4
valparaiso,2026-07-07,ecmwf_ifs025,3,0.0,,0.0,36.4
valparaiso,2026-07-07,ecmwf_ifs025,4,0.0,,0.0,36.4
valparaiso,2026-07-07,ecmwf_ifs025,5,0.0,,0.0,36.4
valparaiso,2026-07-07,ecmwf_ifs025,6,0.0,,0.0,36.4
valparaiso,2026-07-07,ecmwf_ifs025,7,0.0,,0.0,36.4
valparaiso,2026-07-07,gfs_seamless,1,0.0,10.8,0.0,36.4
valparaiso,2026-07-07,gfs_seamless,2,0.0,9.0,0.0,36.4
valparaiso,2026-07-07,gfs_seamless,3,0.0,13.0,0.0,36.4
valparaiso,2026-07-07,gfs_seamless,4,0.0,13.3,0.0,36.4
valparaiso,2026-07-07,gfs_seamless,5,0.0,11.2,0.0,36.4
valparaiso,2026-07-07,gfs_seamless,6,0.0,8.3,0.0,36.4
valparaiso,2026-07-07,gfs_seamless,7,0.0,9.7,0.0,36.4
valparaiso,2026-07-07,icon_seamless,1,0.0,36.7,0.0,36.4
valparaiso,2026-07-07,icon_seamless,2,0.0,36.0,0.0,36.4
valparaiso,2026-07-07,icon_seamless,3,0.0,34.6,0.0,36.4
valparaiso,2026-07-07,icon_seamless,4,0.0,30.2,0.0,36.4
valparaiso,2026-07-07,icon_seamless,5,0.0,27.0,0.0,36.4
valparaiso,2026-07-07,icon_seamless,6,0.0,24.1,0.0,36.4
valparaiso,2026-07-08,best_match,1,0.0,28.1,0.5,40.3
valparaiso,2026-07-08,best_match,2,0.1,29.2,0.5,40.3
valparaiso,2026-07-08,best_match,3,0.0,30.2,0.5,40.3
valparaiso,2026-07-08,best_match,4,0.0,31.3,0.5,40.3
valparaiso,2026-07-08,best_match,5,0.0,33.8,0.5,40.3
valparaiso,2026-07-08,best_match,6,0.0,32.8,0.5,40.3
valparaiso,2026-07-08,best_match,7,7.999999999999999,9.0,0.5,40.3
valparaiso,2026-07-08,ecmwf_ifs025,1,0.0,,0.5,40.3
valparaiso,2026-07-08,ecmwf_ifs025,2,0.30000000000000004,,0.5,40.3
valparaiso,2026-07-08,ecmwf_ifs025,3,0.0,,0.5,40.3
valparaiso,2026-07-08,ecmwf_ifs025,4,0.0,,0.5,40.3
valparaiso,2026-07-08,ecmwf_ifs025,5,0.0,,0.5,40.3
valparaiso,2026-07-08,ecmwf_ifs025,6,0.0,,0.5,40.3
valparaiso,2026-07-08,ecmwf_ifs025,7,6.0,,0.5,40.3
valparaiso,2026-07-08,gfs_seamless,1,0.0,11.2,0.5,40.3
valparaiso,2026-07-08,gfs_seamless,2,0.0,11.5,0.5,40.3
valparaiso,2026-07-08,gfs_seamless,3,0.0,23.4,0.5,40.3
valparaiso,2026-07-08,gfs_seamless,4,0.0,13.7,0.5,40.3
valparaiso,2026-07-08,gfs_seamless,5,0.0,8.3,0.5,40.3
valparaiso,2026-07-08,gfs_seamless,6,0.8,14.8,0.5,40.3
valparaiso,2026-07-08,gfs_seamless,7,0.0,9.0,0.5,40.3
valparaiso,2026-07-08,icon_seamless,1,0.0,28.1,0.5,40.3
valparaiso,2026-07-08,icon_seamless,2,0.0,29.2,0.5,40.3
valparaiso,2026-07-08,icon_seamless,3,0.0,30.2,0.5,40.3
valparaiso,2026-07-08,icon_seamless,4,0.0,31.3,0.5,40.3
valparaiso,2026-07-08,icon_seamless,5,0.0,33.8,0.5,40.3
valparaiso,2026-07-08,icon_seamless,6,0.0,32.8,0.5,40.3
valparaiso,2026-07-09,best_match,1,1.2,28.8,0.0,31.3
valparaiso,2026-07-09,best_match,2,0.0,33.5,0.0,31.3
valparaiso,2026-07-09,best_match,3,0.0,31.3,0.0,31.3
valparaiso,2026-07-09,best_match,4,0.0,30.6,0.0,31.3
valparaiso,2026-07-09,best_match,5,0.0,24.8,0.0,31.3
valparaiso,2026-07-09,best_match,6,0.0,38.5,0.0,31.3
valparaiso,2026-07-09,best_match,7,0.30000000000000004,9.7,0.0,31.3
valparaiso,2026-07-09,ecmwf_ifs025,1,2.6999999999999997,,0.0,31.3
valparaiso,2026-07-09,ecmwf_ifs025,2,0.0,,0.0,31.3
valparaiso,2026-07-09,ecmwf_ifs025,3,0.0,,0.0,31.3
valparaiso,2026-07-09,ecmwf_ifs025,4,0.0,,0.0,31.3
valparaiso,2026-07-09,ecmwf_ifs025,5,0.0,,0.0,31.3
valparaiso,2026-07-09,ecmwf_ifs025,6,0.0,,0.0,31.3
valparaiso,2026-07-09,ecmwf_ifs025,7,0.0,,0.0,31.3
valparaiso,2026-07-09,gfs_seamless,1,0.0,14.8,0.0,31.3
valparaiso,2026-07-09,gfs_seamless,2,0.0,17.3,0.0,31.3
valparaiso,2026-07-09,gfs_seamless,3,0.0,11.2,0.0,31.3
valparaiso,2026-07-09,gfs_seamless,4,0.0,14.4,0.0,31.3
valparaiso,2026-07-09,gfs_seamless,5,0.0,10.1,0.0,31.3
valparaiso,2026-07-09,gfs_seamless,6,0.0,14.8,0.0,31.3
valparaiso,2026-07-09,gfs_seamless,7,0.0,9.7,0.0,31.3
valparaiso,2026-07-09,icon_seamless,1,0.0,28.8,0.0,31.3
valparaiso,2026-07-09,icon_seamless,2,0.0,33.5,0.0,31.3
valparaiso,2026-07-09,icon_seamless,3,0.0,31.3,0.0,31.3
valparaiso,2026-07-09,icon_seamless,4,0.0,30.6,0.0,31.3
valparaiso,2026-07-09,icon_seamless,5,0.1,24.8,0.0,31.3
valparaiso,2026-07-09,icon_seamless,6,6.9,38.5,0.0,31.3
valparaiso,2026-07-10,best_match,1,3.6000000000000005,33.8,4.9,33.8
valparaiso,2026-07-10,best_match,2,1.8,32.4,4.9,33.8
valparaiso,2026-07-10,best_match,3,0.0,31.3,4.9,33.8
valparaiso,2026-07-10,best_match,4,2.3000000000000003,29.5,4.9,33.8
valparaiso,2026-07-10,best_match,5,9.1,28.1,4.9,33.8
valparaiso,2026-07-10,best_match,6,1.0,41.4,4.9,33.8
valparaiso,2026-07-10,best_match,7,0.1,16.6,4.9,33.8
valparaiso,2026-07-10,ecmwf_ifs025,1,2.4,,4.9,33.8
valparaiso,2026-07-10,ecmwf_ifs025,2,0.6000000000000001,,4.9,33.8
valparaiso,2026-07-10,ecmwf_ifs025,3,0.0,,4.9,33.8
valparaiso,2026-07-10,ecmwf_ifs025,4,1.7999999999999998,,4.9,33.8
valparaiso,2026-07-10,ecmwf_ifs025,5,8.4,,4.9,33.8
valparaiso,2026-07-10,ecmwf_ifs025,6,0.0,,4.9,33.8
valparaiso,2026-07-10,ecmwf_ifs025,7,0.0,,4.9,33.8
valparaiso,2026-07-10,gfs_seamless,1,0.0,12.2,4.9,33.8
valparaiso,2026-07-10,gfs_seamless,2,0.0,16.2,4.9,33.8
valparaiso,2026-07-10,gfs_seamless,3,0.0,18.0,4.9,33.8
valparaiso,2026-07-10,gfs_seamless,4,0.0,24.8,4.9,33.8
valparaiso,2026-07-10,gfs_seamless,5,0.0,13.7,4.9,33.8
valparaiso,2026-07-10,gfs_seamless,6,0.0,10.1,4.9,33.8
valparaiso,2026-07-10,gfs_seamless,7,0.8,16.6,4.9,33.8
valparaiso,2026-07-10,icon_seamless,1,0.5,33.8,4.9,33.8
valparaiso,2026-07-10,icon_seamless,2,0.0,32.4,4.9,33.8
valparaiso,2026-07-10,icon_seamless,3,0.30000000000000004,31.3,4.9,33.8
valparaiso,2026-07-10,icon_seamless,4,0.0,29.5,4.9,33.8
valparaiso,2026-07-10,icon_seamless,5,0.0,28.1,4.9,33.8
valparaiso,2026-07-10,icon_seamless,6,0.0,41.4,4.9,33.8
valparaiso,2026-07-11,best_match,1,0.0,33.8,0.0,40.0
valparaiso,2026-07-11,best_match,2,0.0,36.0,0.0,40.0
valparaiso,2026-07-11,best_match,3,0.0,43.2,0.0,40.0
valparaiso,2026-07-11,best_match,4,0.0,25.6,0.0,40.0
valparaiso,2026-07-11,best_match,5,0.1,36.4,0.0,40.0
valparaiso,2026-07-11,best_match,6,0.0,29.2,0.0,40.0
valparaiso,2026-07-11,best_match,7,0.0,20.5,0.0,40.0
valparaiso,2026-07-11,ecmwf_ifs025,1,0.0,,0.0,40.0
valparaiso,2026-07-11,ecmwf_ifs025,2,0.0,,0.0,40.0
valparaiso,2026-07-11,ecmwf_ifs025,3,0.0,,0.0,40.0
valparaiso,2026-07-11,ecmwf_ifs025,4,0.0,,0.0,40.0
valparaiso,2026-07-11,ecmwf_ifs025,5,0.0,,0.0,40.0
valparaiso,2026-07-11,ecmwf_ifs025,6,0.0,,0.0,40.0
valparaiso,2026-07-11,ecmwf_ifs025,7,0.0,,0.0,40.0
valparaiso,2026-07-11,gfs_seamless,1,0.0,21.6,0.0,40.0
valparaiso,2026-07-11,gfs_seamless,2,0.0,20.5,0.0,40.0
valparaiso,2026-07-11,gfs_seamless,3,0.0,15.1,0.0,40.0
valparaiso,2026-07-11,gfs_seamless,4,0.0,28.1,0.0,40.0
valparaiso,2026-07-11,gfs_seamless,5,0.0,17.3,0.0,40.0
valparaiso,2026-07-11,gfs_seamless,6,0.0,28.1,0.0,40.0
valparaiso,2026-07-11,gfs_seamless,7,0.0,20.5,0.0,40.0
valparaiso,2026-07-11,icon_seamless,1,0.0,33.8,0.0,40.0
valparaiso,2026-07-11,icon_seamless,2,0.0,36.0,0.0,40.0
valparaiso,2026-07-11,icon_seamless,3,0.0,43.2,0.0,40.0
valparaiso,2026-07-11,icon_seamless,4,0.0,25.6,0.0,40.0
valparaiso,2026-07-11,icon_seamless,5,0.0,36.4,0.0,40.0
valparaiso,2026-07-11,icon_seamless,6,0.0,29.2,0.0,40.0
valparaiso,2026-07-12,best_match,1,0.0,19.8,0.0,29.5
valparaiso,2026-07-12,best_match,2,0.0,24.8,0.0,29.5
valparaiso,2026-07-12,best_match,3,0.0,27.0,0.0,29.5
valparaiso,2026-07-12,best_match,4,0.0,28.8,0.0,29.5
valparaiso,2026-07-12,best_match,5,0.0,31.0,0.0,29.5
valparaiso,2026-07-12,best_match,6,0.0,30.2,0.0,29.5
valparaiso,2026-07-12,best_match,7,0.0,14.0,0.0,29.5
valparaiso,2026-07-12,ecmwf_ifs025,1,0.30000000000000004,,0.0,29.5
valparaiso,2026-07-12,ecmwf_ifs025,2,0.0,,0.0,29.5
valparaiso,2026-07-12,ecmwf_ifs025,3,0.0,,0.0,29.5
valparaiso,2026-07-12,ecmwf_ifs025,4,0.0,,0.0,29.5
valparaiso,2026-07-12,ecmwf_ifs025,5,0.0,,0.0,29.5
valparaiso,2026-07-12,ecmwf_ifs025,6,0.0,,0.0,29.5
valparaiso,2026-07-12,ecmwf_ifs025,7,0.0,,0.0,29.5
valparaiso,2026-07-12,gfs_seamless,1,0.0,7.6,0.0,29.5
valparaiso,2026-07-12,gfs_seamless,2,0.0,9.0,0.0,29.5
valparaiso,2026-07-12,gfs_seamless,3,0.0,9.4,0.0,29.5
valparaiso,2026-07-12,gfs_seamless,4,0.0,14.4,0.0,29.5
valparaiso,2026-07-12,gfs_seamless,5,0.0,29.5,0.0,29.5
valparaiso,2026-07-12,gfs_seamless,6,0.0,18.7,0.0,29.5
valparaiso,2026-07-12,gfs_seamless,7,0.0,14.0,0.0,29.5
valparaiso,2026-07-12,icon_seamless,1,0.0,19.8,0.0,29.5
valparaiso,2026-07-12,icon_seamless,2,0.0,24.8,0.0,29.5
valparaiso,2026-07-12,icon_seamless,3,0.0,27.0,0.0,29.5
valparaiso,2026-07-12,icon_seamless,4,0.0,28.8,0.0,29.5
valparaiso,2026-07-12,icon_seamless,5,0.0,31.0,0.0,29.5
valparaiso,2026-07-12,icon_seamless,6,0.0,30.2,0.0,29.5
valparaiso,2026-07-13,best_match,1,0.0,23.4,0.0,25.2
valparaiso,2026-07-13,best_match,2,0.0,24.8,0.0,25.2
valparaiso,2026-07-13,best_match,3,0.0,26.6,0.0,25.2
valparaiso,2026-07-13,best_match,4,0.0,24.8,0.0,25.2
valparaiso,2026-07-13,best_match,5,0.0,18.4,0.0,25.2
valparaiso,2026-07-13,best_match,6,0.0,21.6,0.0,25.2
valparaiso,2026-07-13,best_match,7,0.0,10.1,0.0,25.2
valparaiso,2026-07-13,ecmwf_ifs025,1,0.0,,0.0,25.2
valparaiso,2026-07-13,ecmwf_ifs025,2,0.0,,0.0,25.2
valparaiso,2026-07-13,ecmwf_ifs025,3,0.0,,0.0,25.2
valparaiso,2026-07-13,ecmwf_ifs025,4,0.0,,0.0,25.2
valparaiso,2026-07-13,ecmwf_ifs025,5,0.0,,0.0,25.2
valparaiso,2026-07-13,ecmwf_ifs025,6,0.0,,0.0,25.2
valparaiso,2026-07-13,ecmwf_ifs025,7,0.0,,0.0,25.2
valparaiso,2026-07-13,gfs_seamless,1,0.0,9.7,0.0,25.2
valparaiso,2026-07-13,gfs_seamless,2,0.0,7.6,0.0,25.2
valparaiso,2026-07-13,gfs_seamless,3,0.0,10.1,0.0,25.2
valparaiso,2026-07-13,gfs_seamless,4,0.0,9.0,0.0,25.2
valparaiso,2026-07-13,gfs_seamless,5,0.0,8.6,0.0,25.2
valparaiso,2026-07-13,gfs_seamless,6,0.0,12.6,0.0,25.2
valparaiso,2026-07-13,gfs_seamless,7,0.0,10.1,0.0,25.2
valparaiso,2026-07-13,icon_seamless,1,0.0,23.4,0.0,25.2
valparaiso,2026-07-13,icon_seamless,2,0.0,24.8,0.0,25.2
valparaiso,2026-07-13,icon_seamless,3,0.0,26.6,0.0,25.2
valparaiso,2026-07-13,icon_seamless,4,0.0,24.8,0.0,25.2
valparaiso,2026-07-13,icon_seamless,5,0.0,18.4,0.0,25.2
valparaiso,2026-07-13,icon_seamless,6,0.0,21.6,0.0,25.2
valparaiso,2026-07-14,best_match,1,0.1,29.9,0.4,36.7
valparaiso,2026-07-14,best_match,2,0.30000000000000004,35.6,0.4,36.7
valparaiso,2026-07-14,best_match,3,0.0,23.4,0.4,36.7
valparaiso,2026-07-14,best_match,4,0.8,32.8,0.4,36.7
valparaiso,2026-07-14,best_match,5,0.1,27.0,0.4,36.7
valparaiso,2026-07-14,best_match,6,0.0,22.0,0.4,36.7
valparaiso,2026-07-14,best_match,7,0.5,16.9,0.4,36.7
valparaiso,2026-07-14,ecmwf_ifs025,1,0.0,,0.4,36.7
valparaiso,2026-07-14,ecmwf_ifs025,2,0.0,,0.4,36.7
valparaiso,2026-07-14,ecmwf_ifs025,3,0.0,,0.4,36.7
valparaiso,2026-07-14,ecmwf_ifs025,4,0.6000000000000001,,0.4,36.7
valparaiso,2026-07-14,ecmwf_ifs025,5,0.0,,0.4,36.7
valparaiso,2026-07-14,ecmwf_ifs025,6,0.0,,0.4,36.7
valparaiso,2026-07-14,ecmwf_ifs025,7,0.30000000000000004,,0.4,36.7
valparaiso,2026-07-14,gfs_seamless,1,0.0,15.8,0.4,36.7
valparaiso,2026-07-14,gfs_seamless,2,0.0,15.5,0.4,36.7
valparaiso,2026-07-14,gfs_seamless,3,0.0,9.4,0.4,36.7
valparaiso,2026-07-14,gfs_seamless,4,0.0,10.1,0.4,36.7
valparaiso,2026-07-14,gfs_seamless,5,0.0,9.0,0.4,36.7
valparaiso,2026-07-14,gfs_seamless,6,0.0,8.6,0.4,36.7
valparaiso,2026-07-14,gfs_seamless,7,0.0,16.9,0.4,36.7
valparaiso,2026-07-14,icon_seamless,1,0.0,29.9,0.4,36.7
valparaiso,2026-07-14,icon_seamless,2,0.0,35.6,0.4,36.7
valparaiso,2026-07-14,icon_seamless,3,0.0,23.4,0.4,36.7
valparaiso,2026-07-14,icon_seamless,4,0.0,32.8,0.4,36.7
valparaiso,2026-07-14,icon_seamless,5,0.7000000000000001,27.0,0.4,36.7
valparaiso,2026-07-14,icon_seamless,6,2.6,22.0,0.4,36.7
valparaiso,2026-07-15,best_match,1,0.6,46.4,1.7,51.8
valparaiso,2026-07-15,best_match,2,0.30000000000000004,44.6,1.7,51.8
valparaiso,2026-07-15,best_match,3,0.3,49.0,1.7,51.8
valparaiso,2026-07-15,best_match,4,1.4000000000000001,45.4,1.7,51.8
valparaiso,2026-07-15,best_match,5,1.3,44.3,1.7,51.8
valparaiso,2026-07-15,best_match,6,3.2,32.0,1.7,51.8
valparaiso,2026-07-15,best_match,7,1.7000000000000002,18.4,1.7,51.8
valparaiso,2026-07-15,ecmwf_ifs025,1,0.0,,1.7,51.8
valparaiso,2026-07-15,ecmwf_ifs025,2,0.30000000000000004,,1.7,51.8
valparaiso,2026-07-15,ecmwf_ifs025,3,0.0,,1.7,51.8
valparaiso,2026-07-15,ecmwf_ifs025,4,1.8000000000000003,,1.7,51.8
valparaiso,2026-07-15,ecmwf_ifs025,5,0.6,,1.7,51.8
valparaiso,2026-07-15,ecmwf_ifs025,6,1.5,,1.7,51.8
valparaiso,2026-07-15,ecmwf_ifs025,7,1.5,,1.7,51.8
valparaiso,2026-07-15,gfs_seamless,1,0.4,50.8,1.7,51.8
valparaiso,2026-07-15,gfs_seamless,2,0.0,44.6,1.7,51.8
valparaiso,2026-07-15,gfs_seamless,3,0.0,16.9,1.7,51.8
valparaiso,2026-07-15,gfs_seamless,4,0.0,15.1,1.7,51.8
valparaiso,2026-07-15,gfs_seamless,5,0.0,22.0,1.7,51.8
valparaiso,2026-07-15,gfs_seamless,6,0.0,8.6,1.7,51.8
valparaiso,2026-07-15,gfs_seamless,7,0.0,18.4,1.7,51.8
valparaiso,2026-07-15,icon_seamless,1,0.1,46.4,1.7,51.8
valparaiso,2026-07-15,icon_seamless,2,5.6000000000000005,44.6,1.7,51.8
valparaiso,2026-07-15,icon_seamless,3,7.1,49.0,1.7,51.8
valparaiso,2026-07-15,icon_seamless,4,4.4,45.4,1.7,51.8
valparaiso,2026-07-15,icon_seamless,5,16.7,44.3,1.7,51.8
valparaiso,2026-07-15,icon_seamless,6,9.600000000000001,32.0,1.7,51.8
valparaiso,2026-07-16,best_match,1,40.89999999999999,106.2,50.2,100.1
valparaiso,2026-07-16,best_match,2,30.6,111.6,50.2,100.1
valparaiso,2026-07-16,best_match,3,22.599999999999998,103.7,50.2,100.1
valparaiso,2026-07-16,best_match,4,46.8,109.4,50.2,100.1
valparaiso,2026-07-16,best_match,5,37.900000000000006,63.4,50.2,100.1
valparaiso,2026-07-16,best_match,6,44.2,101.5,50.2,100.1
valparaiso,2026-07-16,best_match,7,35.7,51.8,50.2,100.1
valparaiso,2026-07-16,ecmwf_ifs025,1,51.300000000000004,,50.2,100.1
valparaiso,2026-07-16,ecmwf_ifs025,2,33.0,,50.2,100.1
valparaiso,2026-07-16,ecmwf_ifs025,3,30.900000000000002,,50.2,100.1
valparaiso,2026-07-16,ecmwf_ifs025,4,49.5,,50.2,100.1
valparaiso,2026-07-16,ecmwf_ifs025,5,42.6,,50.2,100.1
valparaiso,2026-07-16,ecmwf_ifs025,6,43.2,,50.2,100.1
valparaiso,2026-07-16,ecmwf_ifs025,7,26.7,,50.2,100.1
valparaiso,2026-07-16,gfs_seamless,1,47.7,95.4,50.2,100.1
valparaiso,2026-07-16,gfs_seamless,2,22.6,95.8,50.2,100.1
valparaiso,2026-07-16,gfs_seamless,3,24.7,81.7,50.2,100.1
valparaiso,2026-07-16,gfs_seamless,4,21.5,82.1,50.2,100.1
valparaiso,2026-07-16,gfs_seamless,5,1.6,60.5,50.2,100.1
valparaiso,2026-07-16,gfs_seamless,6,0.6000000000000001,65.9,50.2,100.1
valparaiso,2026-07-16,gfs_seamless,7,0.0,51.8,50.2,100.1
valparaiso,2026-07-16,icon_seamless,1,62.099999999999994,106.2,50.2,100.1
valparaiso,2026-07-16,icon_seamless,2,50.9,111.6,50.2,100.1
valparaiso,2026-07-16,icon_seamless,3,49.6,103.7,50.2,100.1
valparaiso,2026-07-16,icon_seamless,4,50.699999999999996,109.4,50.2,100.1
valparaiso,2026-07-16,icon_seamless,5,36.400000000000006,63.4,50.2,100.1
valparaiso,2026-07-16,icon_seamless,6,30.9,101.5,50.2,100.1
valparaiso,2026-07-17,best_match,1,83.69999999999999,97.6,93.0,93.6
valparaiso,2026-07-17,best_match,2,65.8,97.9,93.0,93.6
valparaiso,2026-07-17,best_match,3,77.4,73.4,93.0,93.6
valparaiso,2026-07-17,best_match,4,56.5,105.8,93.0,93.6
valparaiso,2026-07-17,best_match,5,88.69999999999999,101.5,93.0,93.6
valparaiso,2026-07-17,best_match,6,53.00000000000001,108.0,93.0,93.6
valparaiso,2026-07-17,best_match,7,55.2,100.8,93.0,93.6
valparaiso,2026-07-17,ecmwf_ifs025,1,94.2,,93.0,93.6
valparaiso,2026-07-17,ecmwf_ifs025,2,68.7,,93.0,93.6
valparaiso,2026-07-17,ecmwf_ifs025,3,87.6,,93.0,93.6
valparaiso,2026-07-17,ecmwf_ifs025,4,64.19999999999999,,93.0,93.6
valparaiso,2026-07-17,ecmwf_ifs025,5,102.9,,93.0,93.6
valparaiso,2026-07-17,ecmwf_ifs025,6,66.3,,93.0,93.6
valparaiso,2026-07-17,ecmwf_ifs025,7,53.400000000000006,,93.0,93.6
valparaiso,2026-07-17,gfs_seamless,1,95.20000000000002,74.9,93.0,93.6
valparaiso,2026-07-17,gfs_seamless,2,82.0,72.4,93.0,93.6
valparaiso,2026-07-17,gfs_seamless,3,95.2,85.7,93.0,93.6
valparaiso,2026-07-17,gfs_seamless,4,99.30000000000001,78.1,93.0,93.6
valparaiso,2026-07-17,gfs_seamless,5,47.9,68.8,93.0,93.6
valparaiso,2026-07-17,gfs_seamless,6,24.200000000000003,77.4,93.0,93.6
valparaiso,2026-07-17,gfs_seamless,7,39.4,100.8,93.0,93.6
valparaiso,2026-07-17,icon_seamless,1,57.2,97.6,93.0,93.6
valparaiso,2026-07-17,icon_seamless,2,57.900000000000006,97.9,93.0,93.6
valparaiso,2026-07-17,icon_seamless,3,46.0,73.4,93.0,93.6
valparaiso,2026-07-17,icon_seamless,4,58.8,105.8,93.0,93.6
valparaiso,2026-07-17,icon_seamless,5,69.39999999999999,101.5,93.0,93.6
valparaiso,2026-07-17,icon_seamless,6,57.3,108.0,93.0,93.6
valparaiso,2026-07-18,best_match,1,20.299999999999997,72.7,24.5,55.1
valparaiso,2026-07-18,best_match,2,18.2,65.9,24.5,55.1
valparaiso,2026-07-18,best_match,3,19.200000000000003,63.4,24.5,55.1
valparaiso,2026-07-18,best_match,4,30.6,101.5,24.5,55.1
valparaiso,2026-07-18,best_match,5,49.5,37.4,24.5,55.1
valparaiso,2026-07-18,best_match,6,84.3,84.6,24.5,55.1
valparaiso,2026-07-18,best_match,7,96.39999999999999,62.3,24.5,55.1
valparaiso,2026-07-18,ecmwf_ifs025,1,37.5,,24.5,55.1
valparaiso,2026-07-18,ecmwf_ifs025,2,23.999999999999996,,24.5,55.1
valparaiso,2026-07-18,ecmwf_ifs025,3,34.5,,24.5,55.1
valparaiso,2026-07-18,ecmwf_ifs025,4,33.0,,24.5,55.1
valparaiso,2026-07-18,ecmwf_ifs025,5,49.800000000000004,,24.5,55.1
valparaiso,2026-07-18,ecmwf_ifs025,6,73.2,,24.5,55.1
valparaiso,2026-07-18,ecmwf_ifs025,7,81.6,,24.5,55.1
valparaiso,2026-07-18,gfs_seamless,1,22.200000000000003,72.4,24.5,55.1
valparaiso,2026-07-18,gfs_seamless,2,21.0,69.5,24.5,55.1
valparaiso,2026-07-18,gfs_seamless,3,40.699999999999996,51.5,24.5,55.1
valparaiso,2026-07-18,gfs_seamless,4,25.4,37.8,24.5,55.1
valparaiso,2026-07-18,gfs_seamless,5,8.3,74.5,24.5,55.1
valparaiso,2026-07-18,gfs_seamless,6,6.6000000000000005,90.7,24.5,55.1
valparaiso,2026-07-18,gfs_seamless,7,18.0,62.3,24.5,55.1
valparaiso,2026-07-18,icon_seamless,1,25.099999999999998,72.7,24.5,55.1
valparaiso,2026-07-18,icon_seamless,2,30.2,65.9,24.5,55.1
valparaiso,2026-07-18,icon_seamless,3,25.7,63.4,24.5,55.1
valparaiso,2026-07-18,icon_seamless,4,45.6,101.5,24.5,55.1
valparaiso,2026-07-18,icon_seamless,5,25.000000000000004,37.4,24.5,55.1
valparaiso,2026-07-18,icon_seamless,6,25.9,84.6,24.5,55.1
